song_name,danceability,energy,key,loudness,mode,speechiness,acousticness,instrumentalness,liveness,valence,tempo,type,id,uri,track_href,analysis_url,duration_ms,time_signature
0N8MGHEDAq29ip7RrlrTeN,0.537,0.837,0,-4.477,1,0.039,0.19,0,0.348,0.533,90.083,audio_features,0N8MGHEDAq29ip7RrlrTeN,spotify:track:0N8MGHEDAq29ip7RrlrTeN,https://api.spotify.com/v1/tracks/0N8MGHEDAq29ip7RrlrTeN,https://api.spotify.com/v1/audio-analysis/0N8MGHEDAq29ip7RrlrTeN,206120,4
5y3gdZTGBiN8lJVItlRDFH,0.553,0.769,2,-3.523,1,0.0397,0.0143,0,0.279,0.36,135.906,audio_features,5y3gdZTGBiN8lJVItlRDFH,spotify:track:5y3gdZTGBiN8lJVItlRDFH,https://api.spotify.com/v1/tracks/5y3gdZTGBiN8lJVItlRDFH,https://api.spotify.com/v1/audio-analysis/5y3gdZTGBiN8lJVItlRDFH,227318,4
1gdMKFGWrI34ZTO8k7Hfg6,0.494,0.767,10,-4.101,1,0.051,0.12,0,0.374,0.112,125.506,audio_features,1gdMKFGWrI34ZTO8k7Hfg6,spotify:track:1gdMKFGWrI34ZTO8k7Hfg6,https://api.spotify.com/v1/tracks/1gdMKFGWrI34ZTO8k7Hfg6,https://api.spotify.com/v1/audio-analysis/1gdMKFGWrI34ZTO8k7Hfg6,219451,3
5csOZijq5WoNyW8EBDNJ52,0.568,0.496,1,-7.083,0,0.0371,0.135,1.54E-06,0.231,0.198,103.011,audio_features,5csOZijq5WoNyW8EBDNJ52,spotify:track:5csOZijq5WoNyW8EBDNJ52,https://api.spotify.com/v1/tracks/5csOZijq5WoNyW8EBDNJ52,https://api.spotify.com/v1/audio-analysis/5csOZijq5WoNyW8EBDNJ52,202644,4
4mEILaBM7bKZqKAun5tABu,0.547,0.789,8,-5.619,1,0.042,0.00871,0,0.1,0.345,129.916,audio_features,4mEILaBM7bKZqKAun5tABu,spotify:track:4mEILaBM7bKZqKAun5tABu,https://api.spotify.com/v1/tracks/4mEILaBM7bKZqKAun5tABu,https://api.spotify.com/v1/audio-analysis/4mEILaBM7bKZqKAun5tABu,193911,4
4QVS8YCpK71R4FsxSMCjhP,0.548,0.839,6,-2.371,1,0.0644,0.135,0,0.102,0.314,98.932,audio_features,4QVS8YCpK71R4FsxSMCjhP,spotify:track:4QVS8YCpK71R4FsxSMCjhP,https://api.spotify.com/v1/tracks/4QVS8YCpK71R4FsxSMCjhP,https://api.spotify.com/v1/audio-analysis/4QVS8YCpK71R4FsxSMCjhP,218296,4
65Bynqyt59f3fojjs1Uo41,0.695,0.695,2,-6.612,1,0.0706,0.489,0.00019,0.131,0.468,100.021,audio_features,65Bynqyt59f3fojjs1Uo41,spotify:track:65Bynqyt59f3fojjs1Uo41,https://api.spotify.com/v1/tracks/65Bynqyt59f3fojjs1Uo41,https://api.spotify.com/v1/audio-analysis/65Bynqyt59f3fojjs1Uo41,189787,4
1JAI05qVmtpKypuvOvcrJn,0.532,0.616,10,-7.074,0,0.0328,0.186,0,0.0928,0.292,101.883,audio_features,1JAI05qVmtpKypuvOvcrJn,spotify:track:1JAI05qVmtpKypuvOvcrJn,https://api.spotify.com/v1/tracks/1JAI05qVmtpKypuvOvcrJn,https://api.spotify.com/v1/audio-analysis/1JAI05qVmtpKypuvOvcrJn,223147,4
6HoXpEnhzeDpz7gYgGaYF0,0.407,0.722,6,-5.44,1,0.094,0.0658,0,0.115,0.392,88.017,audio_features,6HoXpEnhzeDpz7gYgGaYF0,spotify:track:6HoXpEnhzeDpz7gYgGaYF0,https://api.spotify.com/v1/tracks/6HoXpEnhzeDpz7gYgGaYF0,https://api.spotify.com/v1/audio-analysis/6HoXpEnhzeDpz7gYgGaYF0,197333,4
1wjjc9SGlmzzXDI26gim3p,0.53,0.763,4,-3.348,1,0.0367,0.242,0,0.117,0.226,100.002,audio_features,1wjjc9SGlmzzXDI26gim3p,spotify:track:1wjjc9SGlmzzXDI26gim3p,https://api.spotify.com/v1/tracks/1wjjc9SGlmzzXDI26gim3p,https://api.spotify.com/v1/audio-analysis/1wjjc9SGlmzzXDI26gim3p,182400,4
4jxer0xkjnjrOjKIg2Jfxz,0.594,0.804,7,-3.311,1,0.0378,0.221,0,0.12,0.326,115.941,audio_features,4jxer0xkjnjrOjKIg2Jfxz,spotify:track:4jxer0xkjnjrOjKIg2Jfxz,https://api.spotify.com/v1/tracks/4jxer0xkjnjrOjKIg2Jfxz,https://api.spotify.com/v1/audio-analysis/4jxer0xkjnjrOjKIg2Jfxz,256552,4
4GR9MdPIvrkxcEJ4RUbxPk,0.519,0.742,3,-3.554,1,0.061,0.315,8.42E-05,0.0836,0.246,127.971,audio_features,4GR9MdPIvrkxcEJ4RUbxPk,spotify:track:4GR9MdPIvrkxcEJ4RUbxPk,https://api.spotify.com/v1/tracks/4GR9MdPIvrkxcEJ4RUbxPk,https://api.spotify.com/v1/audio-analysis/4GR9MdPIvrkxcEJ4RUbxPk,255117,4
4pWawf1Rq4qHDv4Ktqjg2D,0.589,0.826,0,-4.577,0,0.0776,0.0663,0.000735,0.367,0.215,117.099,audio_features,4pWawf1Rq4qHDv4Ktqjg2D,spotify:track:4pWawf1Rq4qHDv4Ktqjg2D,https://api.spotify.com/v1/tracks/4pWawf1Rq4qHDv4Ktqjg2D,https://api.spotify.com/v1/audio-analysis/4pWawf1Rq4qHDv4Ktqjg2D,240508,4
1TOKaiIbpxknH9qvEv8F00,0.325,0.578,2,-6.786,1,0.0455,0.158,0.00479,0.575,0.103,144.745,audio_features,1TOKaiIbpxknH9qvEv8F00,spotify:track:1TOKaiIbpxknH9qvEv8F00,https://api.spotify.com/v1/tracks/1TOKaiIbpxknH9qvEv8F00,https://api.spotify.com/v1/audio-analysis/1TOKaiIbpxknH9qvEv8F00,315724,4
1A4tabNlyLKLOHQW2XpjaU,0.689,0.503,8,-10.061,0,0.101,0.195,0.232,0.0678,0.0634,116.079,audio_features,1A4tabNlyLKLOHQW2XpjaU,spotify:track:1A4tabNlyLKLOHQW2XpjaU,https://api.spotify.com/v1/tracks/1A4tabNlyLKLOHQW2XpjaU,https://api.spotify.com/v1/audio-analysis/1A4tabNlyLKLOHQW2XpjaU,206995,4
47165S9Ppynsd9rIzVG4uS,0.585,0.744,2,-4.751,1,0.0419,0.228,0,0.195,0.349,104.919,audio_features,47165S9Ppynsd9rIzVG4uS,spotify:track:47165S9Ppynsd9rIzVG4uS,https://api.spotify.com/v1/tracks/47165S9Ppynsd9rIzVG4uS,https://api.spotify.com/v1/audio-analysis/47165S9Ppynsd9rIzVG4uS,231383,4
0WVAQaxrT0wsGEG4BCVSn2,0.688,0.688,3,-5.84,1,0.0357,0.3,0,0.0982,0.451,114.011,audio_features,0WVAQaxrT0wsGEG4BCVSn2,spotify:track:0WVAQaxrT0wsGEG4BCVSn2,https://api.spotify.com/v1/tracks/0WVAQaxrT0wsGEG4BCVSn2,https://api.spotify.com/v1/audio-analysis/0WVAQaxrT0wsGEG4BCVSn2,193321,4
6D8WgDaIuyirn6egGauzVK,0.745,0.664,1,-4.28,1,0.0613,0.498,8.15E-06,0.0777,0.468,108.067,audio_features,6D8WgDaIuyirn6egGauzVK,spotify:track:6D8WgDaIuyirn6egGauzVK,https://api.spotify.com/v1/tracks/6D8WgDaIuyirn6egGauzVK,https://api.spotify.com/v1/audio-analysis/6D8WgDaIuyirn6egGauzVK,178233,4
5iJHDCtqv2nO4v8i8nwbdh,0.78,0.581,9,-6.832,1,0.0287,0.00835,0.00224,0.177,0.567,119.984,audio_features,5iJHDCtqv2nO4v8i8nwbdh,spotify:track:5iJHDCtqv2nO4v8i8nwbdh,https://api.spotify.com/v1/tracks/5iJHDCtqv2nO4v8i8nwbdh,https://api.spotify.com/v1/audio-analysis/5iJHDCtqv2nO4v8i8nwbdh,171370,4
5xHgVbkCAq529zWCazsXxC,0.732,0.57,5,-5.588,1,0.034,0.052,1.73E-06,0.0733,0.442,123.963,audio_features,5xHgVbkCAq529zWCazsXxC,spotify:track:5xHgVbkCAq529zWCazsXxC,https://api.spotify.com/v1/tracks/5xHgVbkCAq529zWCazsXxC,https://api.spotify.com/v1/audio-analysis/5xHgVbkCAq529zWCazsXxC,206019,4
5UfdaSCFLW9TvAyViK7LQV,0.496,0.636,0,-6.591,1,0.0499,0.104,0,0.0619,0.159,94.969,audio_features,5UfdaSCFLW9TvAyViK7LQV,spotify:track:5UfdaSCFLW9TvAyViK7LQV,https://api.spotify.com/v1/tracks/5UfdaSCFLW9TvAyViK7LQV,https://api.spotify.com/v1/audio-analysis/5UfdaSCFLW9TvAyViK7LQV,224842,4
5lzHDkFLN01bKatvKQC0lO,0.625,0.576,8,-5.812,1,0.036,0.217,2.85E-06,0.0897,0.297,121.915,audio_features,5lzHDkFLN01bKatvKQC0lO,spotify:track:5lzHDkFLN01bKatvKQC0lO,https://api.spotify.com/v1/tracks/5lzHDkFLN01bKatvKQC0lO,https://api.spotify.com/v1/audio-analysis/5lzHDkFLN01bKatvKQC0lO,218306,4
3p4jH0PZG21xXwzRS7HpNb,0.709,0.931,0,-2.787,1,0.111,0.278,0,0.175,0.253,124.105,audio_features,3p4jH0PZG21xXwzRS7HpNb,spotify:track:3p4jH0PZG21xXwzRS7HpNb,https://api.spotify.com/v1/tracks/3p4jH0PZG21xXwzRS7HpNb,https://api.spotify.com/v1/audio-analysis/3p4jH0PZG21xXwzRS7HpNb,159000,4
27YD36FUikKxbp3bKSiKGZ,0.422,0.677,11,-5.76,1,0.0365,0.251,3.55E-06,0.16,0.146,150.131,audio_features,27YD36FUikKxbp3bKSiKGZ,spotify:track:27YD36FUikKxbp3bKSiKGZ,https://api.spotify.com/v1/tracks/27YD36FUikKxbp3bKSiKGZ,https://api.spotify.com/v1/audio-analysis/27YD36FUikKxbp3bKSiKGZ,297782,4
3KGbQLrg2Lj0JH2W81LhO4,0.542,0.875,1,-3.068,1,0.0321,0.0795,1.07E-05,0.061,0.244,154.945,audio_features,3KGbQLrg2Lj0JH2W81LhO4,spotify:track:3KGbQLrg2Lj0JH2W81LhO4,https://api.spotify.com/v1/tracks/3KGbQLrg2Lj0JH2W81LhO4,https://api.spotify.com/v1/audio-analysis/3KGbQLrg2Lj0JH2W81LhO4,167663,4
6c14PL4z50pRfwHxtNktK8,0.439,0.603,0,-6.213,1,0.083,0.524,0.0128,0.112,0.363,200.083,audio_features,6c14PL4z50pRfwHxtNktK8,spotify:track:6c14PL4z50pRfwHxtNktK8,https://api.spotify.com/v1/tracks/6c14PL4z50pRfwHxtNktK8,https://api.spotify.com/v1/audio-analysis/6c14PL4z50pRfwHxtNktK8,200514,4
3QC3zy7WN5VYdIsYXaU6Jb,0.564,0.707,8,-5.286,1,0.0982,0.028,4.33E-06,0.358,0.373,87.481,audio_features,3QC3zy7WN5VYdIsYXaU6Jb,spotify:track:3QC3zy7WN5VYdIsYXaU6Jb,https://api.spotify.com/v1/tracks/3QC3zy7WN5VYdIsYXaU6Jb,https://api.spotify.com/v1/audio-analysis/3QC3zy7WN5VYdIsYXaU6Jb,233176,4
0dMt4exDdaANxfGA8JiThz,0.465,0.756,8,-4.114,1,0.0314,0.308,0.0461,0.0818,0.128,95.035,audio_features,0dMt4exDdaANxfGA8JiThz,spotify:track:0dMt4exDdaANxfGA8JiThz,https://api.spotify.com/v1/tracks/0dMt4exDdaANxfGA8JiThz,https://api.spotify.com/v1/audio-analysis/0dMt4exDdaANxfGA8JiThz,312000,4
7eNF3i7lHKtRwlvMfbNu9M,0.744,0.727,6,-5.163,1,0.0877,0.0499,0,0.186,0.596,120.105,audio_features,7eNF3i7lHKtRwlvMfbNu9M,spotify:track:7eNF3i7lHKtRwlvMfbNu9M,https://api.spotify.com/v1/tracks/7eNF3i7lHKtRwlvMfbNu9M,https://api.spotify.com/v1/audio-analysis/7eNF3i7lHKtRwlvMfbNu9M,209920,4
6DgSccuezRRDDrifyjQXoM,0.527,0.711,1,-6.031,1,0.0656,0.383,0,0.0932,0.328,109.903,audio_features,6DgSccuezRRDDrifyjQXoM,spotify:track:6DgSccuezRRDDrifyjQXoM,https://api.spotify.com/v1/tracks/6DgSccuezRRDDrifyjQXoM,https://api.spotify.com/v1/audio-analysis/6DgSccuezRRDDrifyjQXoM,217733,4
7DSBxP0sGTuEb249LMJSLY,0.647,0.81,2,-5.804,1,0.0521,0.0658,0.00236,0.237,0.648,108.011,audio_features,7DSBxP0sGTuEb249LMJSLY,spotify:track:7DSBxP0sGTuEb249LMJSLY,https://api.spotify.com/v1/tracks/7DSBxP0sGTuEb249LMJSLY,https://api.spotify.com/v1/audio-analysis/7DSBxP0sGTuEb249LMJSLY,172222,4
083Qf6hn6sFL6xiOHlZUyn,0.623,0.851,7,-3.111,1,0.0409,0.0228,0,0.12,0.4,100.063,audio_features,083Qf6hn6sFL6xiOHlZUyn,spotify:track:083Qf6hn6sFL6xiOHlZUyn,https://api.spotify.com/v1/tracks/083Qf6hn6sFL6xiOHlZUyn,https://api.spotify.com/v1/audio-analysis/083Qf6hn6sFL6xiOHlZUyn,193924,4
3YNZMYYdzaza8D2xd2ITFo,0.765,0.719,8,-7.283,1,0.0581,0.305,0.000468,0.17,0.458,125.988,audio_features,3YNZMYYdzaza8D2xd2ITFo,spotify:track:3YNZMYYdzaza8D2xd2ITFo,https://api.spotify.com/v1/tracks/3YNZMYYdzaza8D2xd2ITFo,https://api.spotify.com/v1/audio-analysis/3YNZMYYdzaza8D2xd2ITFo,165079,4
0wsflw6A3Qrbrl3YbWK8tx,0.59,0.697,4,-5.915,0,0.0388,0.00902,0,0.108,0.212,94.967,audio_features,0wsflw6A3Qrbrl3YbWK8tx,spotify:track:0wsflw6A3Qrbrl3YbWK8tx,https://api.spotify.com/v1/tracks/0wsflw6A3Qrbrl3YbWK8tx,https://api.spotify.com/v1/audio-analysis/0wsflw6A3Qrbrl3YbWK8tx,196812,4
5W8DSMQe7cbTtKTHY0yEnP,0.481,0.729,5,-4.351,0,0.0365,0.00833,0,0.103,0.297,91.985,audio_features,5W8DSMQe7cbTtKTHY0yEnP,spotify:track:5W8DSMQe7cbTtKTHY0yEnP,https://api.spotify.com/v1/tracks/5W8DSMQe7cbTtKTHY0yEnP,https://api.spotify.com/v1/audio-analysis/5W8DSMQe7cbTtKTHY0yEnP,204783,4
5sdb5pMhcK44SSLsj1moUh,0.775,0.872,6,-4.194,1,0.0469,0.033,0.0579,0.298,0.379,122.994,audio_features,5sdb5pMhcK44SSLsj1moUh,spotify:track:5sdb5pMhcK44SSLsj1moUh,https://api.spotify.com/v1/tracks/5sdb5pMhcK44SSLsj1moUh,https://api.spotify.com/v1/audio-analysis/5sdb5pMhcK44SSLsj1moUh,191496,4
3rcnZD0l4NPyyQ9CecXfy9,0.487,0.846,2,-4.016,1,0.0555,0.225,0.355,0.41,0.367,122.978,audio_features,3rcnZD0l4NPyyQ9CecXfy9,spotify:track:3rcnZD0l4NPyyQ9CecXfy9,https://api.spotify.com/v1/tracks/3rcnZD0l4NPyyQ9CecXfy9,https://api.spotify.com/v1/audio-analysis/3rcnZD0l4NPyyQ9CecXfy9,193171,4
0Vcv54XfyE2oktzHSZMxhr,0.613,0.731,8,-3.993,1,0.0625,0.177,0,0.107,0.322,107.071,audio_features,0Vcv54XfyE2oktzHSZMxhr,spotify:track:0Vcv54XfyE2oktzHSZMxhr,https://api.spotify.com/v1/tracks/0Vcv54XfyE2oktzHSZMxhr,https://api.spotify.com/v1/audio-analysis/0Vcv54XfyE2oktzHSZMxhr,226542,4
3MkIlbOnu8UCMt26nOQ31P,0.681,0.705,10,-7.866,1,0.0344,0.148,0.772,0.12,0.0395,118.016,audio_features,3MkIlbOnu8UCMt26nOQ31P,spotify:track:3MkIlbOnu8UCMt26nOQ31P,https://api.spotify.com/v1/tracks/3MkIlbOnu8UCMt26nOQ31P,https://api.spotify.com/v1/audio-analysis/3MkIlbOnu8UCMt26nOQ31P,202881,3
0qscIsYCxSWh66upVCgIHi,0.733,0.82,5,-4.973,1,0.0337,0.548,0.539,0.229,0.115,124.935,audio_features,0qscIsYCxSWh66upVCgIHi,spotify:track:0qscIsYCxSWh66upVCgIHi,https://api.spotify.com/v1/tracks/0qscIsYCxSWh66upVCgIHi,https://api.spotify.com/v1/audio-analysis/0qscIsYCxSWh66upVCgIHi,192960,4
4CCLVW7kCXSA8nLbl1lYYs,0.522,0.558,6,-5.497,1,0.126,0.376,0,0.162,0.403,182.021,audio_features,4CCLVW7kCXSA8nLbl1lYYs,spotify:track:4CCLVW7kCXSA8nLbl1lYYs,https://api.spotify.com/v1/tracks/4CCLVW7kCXSA8nLbl1lYYs,https://api.spotify.com/v1/audio-analysis/4CCLVW7kCXSA8nLbl1lYYs,208352,4
5CLGzJsGqhCEECcpnFQA8x,0.653,0.809,0,-4.057,1,0.0474,0.194,0,0.165,0.55,92.213,audio_features,5CLGzJsGqhCEECcpnFQA8x,spotify:track:5CLGzJsGqhCEECcpnFQA8x,https://api.spotify.com/v1/tracks/5CLGzJsGqhCEECcpnFQA8x,https://api.spotify.com/v1/audio-analysis/5CLGzJsGqhCEECcpnFQA8x,210773,4
3h6o86y22SoLnFbqIcW48N,0.591,0.835,9,-3.149,1,0.0371,0.0265,2.4E-06,0.0944,0.64,123.982,audio_features,3h6o86y22SoLnFbqIcW48N,spotify:track:3h6o86y22SoLnFbqIcW48N,https://api.spotify.com/v1/tracks/3h6o86y22SoLnFbqIcW48N,https://api.spotify.com/v1/audio-analysis/3h6o86y22SoLnFbqIcW48N,205161,4
22rQTTEmj9aXKmep11k2IW,0.727,0.813,6,-5.88,0,0.0387,0.155,0.0454,0.279,0.365,124.029,audio_features,22rQTTEmj9aXKmep11k2IW,spotify:track:22rQTTEmj9aXKmep11k2IW,https://api.spotify.com/v1/tracks/22rQTTEmj9aXKmep11k2IW,https://api.spotify.com/v1/audio-analysis/22rQTTEmj9aXKmep11k2IW,183436,4
6179WQbZYf2WXoVne3mN6d,0.69,0.768,9,-5.004,1,0.0566,0.044,0.017,0.108,0.252,122.049,audio_features,6179WQbZYf2WXoVne3mN6d,spotify:track:6179WQbZYf2WXoVne3mN6d,https://api.spotify.com/v1/tracks/6179WQbZYf2WXoVne3mN6d,https://api.spotify.com/v1/audio-analysis/6179WQbZYf2WXoVne3mN6d,187131,4
0wUxh6XMc698xPCfgBaPRV,0.532,0.639,5,-7.419,0,0.0388,0.0507,0.00131,0.106,0.198,105,audio_features,0wUxh6XMc698xPCfgBaPRV,spotify:track:0wUxh6XMc698xPCfgBaPRV,https://api.spotify.com/v1/tracks/0wUxh6XMc698xPCfgBaPRV,https://api.spotify.com/v1/audio-analysis/0wUxh6XMc698xPCfgBaPRV,193399,4
0WSJUE47g4OEpaMzL6svD7,0.469,0.871,8,-5.18,0,0.0728,0.0816,3.66E-05,0.118,0.138,141.882,audio_features,0WSJUE47g4OEpaMzL6svD7,spotify:track:0WSJUE47g4OEpaMzL6svD7,https://api.spotify.com/v1/tracks/0WSJUE47g4OEpaMzL6svD7,https://api.spotify.com/v1/audio-analysis/0WSJUE47g4OEpaMzL6svD7,263978,4
4hMea4T082fdFUZ9UP9WZO,0.476,0.871,7,-3.996,1,0.0345,0.00123,0.747,0.286,0.104,90.002,audio_features,4hMea4T082fdFUZ9UP9WZO,spotify:track:4hMea4T082fdFUZ9UP9WZO,https://api.spotify.com/v1/tracks/4hMea4T082fdFUZ9UP9WZO,https://api.spotify.com/v1/audio-analysis/4hMea4T082fdFUZ9UP9WZO,229907,4
7vVIT1ywbtXgRIY89u5kEH,0.651,0.711,3,-5.062,0,0.0378,0.111,6.13E-05,0.0488,0.425,125.089,audio_features,7vVIT1ywbtXgRIY89u5kEH,spotify:track:7vVIT1ywbtXgRIY89u5kEH,https://api.spotify.com/v1/tracks/7vVIT1ywbtXgRIY89u5kEH,https://api.spotify.com/v1/audio-analysis/7vVIT1ywbtXgRIY89u5kEH,191954,4
0sdmL5wJS5QTqSDKyYdjtr,0.668,0.799,7,-6.815,1,0.0494,0.146,4.64E-05,0.099,0.444,139.903,audio_features,0sdmL5wJS5QTqSDKyYdjtr,spotify:track:0sdmL5wJS5QTqSDKyYdjtr,https://api.spotify.com/v1/tracks/0sdmL5wJS5QTqSDKyYdjtr,https://api.spotify.com/v1/audio-analysis/0sdmL5wJS5QTqSDKyYdjtr,184286,4
1D8883ZcorW3B2x8HDnrb4,0.552,0.821,5,-4.241,1,0.026,0.036,0.0851,0.0618,0.401,126.954,audio_features,1D8883ZcorW3B2x8HDnrb4,spotify:track:1D8883ZcorW3B2x8HDnrb4,https://api.spotify.com/v1/tracks/1D8883ZcorW3B2x8HDnrb4,https://api.spotify.com/v1/audio-analysis/1D8883ZcorW3B2x8HDnrb4,227244,4
0gqxf8wrEkewjmZB7OT4mL,0.665,0.639,2,-7.747,1,0.0276,0.121,0.327,0.0952,0.642,100.082,audio_features,0gqxf8wrEkewjmZB7OT4mL,spotify:track:0gqxf8wrEkewjmZB7OT4mL,https://api.spotify.com/v1/tracks/0gqxf8wrEkewjmZB7OT4mL,https://api.spotify.com/v1/audio-analysis/0gqxf8wrEkewjmZB7OT4mL,214160,4
1z9tECYvYsvautkr8G2XDK,0.371,0.921,9,-5.533,1,0.0784,0.0113,2.7E-05,0.43,0.508,109.675,audio_features,1z9tECYvYsvautkr8G2XDK,spotify:track:1z9tECYvYsvautkr8G2XDK,https://api.spotify.com/v1/tracks/1z9tECYvYsvautkr8G2XDK,https://api.spotify.com/v1/audio-analysis/1z9tECYvYsvautkr8G2XDK,220538,4
3xRzUblYGZhVs52fMjii7R,0.543,0.696,7,-4.572,1,0.0426,0.601,0.215,0.384,0.849,92.15,audio_features,3xRzUblYGZhVs52fMjii7R,spotify:track:3xRzUblYGZhVs52fMjii7R,https://api.spotify.com/v1/tracks/3xRzUblYGZhVs52fMjii7R,https://api.spotify.com/v1/audio-analysis/3xRzUblYGZhVs52fMjii7R,253747,4
0t3BGP2os4LjXL9TVQn6O0,0.506,0.329,7,-13.313,1,0.064,0.261,0.158,0.0682,0.503,200.133,audio_features,0t3BGP2os4LjXL9TVQn6O0,spotify:track:0t3BGP2os4LjXL9TVQn6O0,https://api.spotify.com/v1/tracks/0t3BGP2os4LjXL9TVQn6O0,https://api.spotify.com/v1/audio-analysis/0t3BGP2os4LjXL9TVQn6O0,236663,3
6YQUuoMnRIMaOmouYoMfQr,0.552,0.804,8,-4.299,1,0.0303,0.00598,0,0.111,0.714,95.98,audio_features,6YQUuoMnRIMaOmouYoMfQr,spotify:track:6YQUuoMnRIMaOmouYoMfQr,https://api.spotify.com/v1/tracks/6YQUuoMnRIMaOmouYoMfQr,https://api.spotify.com/v1/audio-analysis/6YQUuoMnRIMaOmouYoMfQr,199413,4
59oXRNRnmmTbwgkZkV7l4g,0.337,0.809,0,-2.969,0,0.0327,0.00738,0.000272,0.319,0.319,145.879,audio_features,59oXRNRnmmTbwgkZkV7l4g,spotify:track:59oXRNRnmmTbwgkZkV7l4g,https://api.spotify.com/v1/tracks/59oXRNRnmmTbwgkZkV7l4g,https://api.spotify.com/v1/audio-analysis/59oXRNRnmmTbwgkZkV7l4g,258200,4
7HFgnF1oPMzkCqEMBOA2yI,0.445,0.773,2,-7.227,1,0.0441,0.00539,0.153,0.131,0.313,191.966,audio_features,7HFgnF1oPMzkCqEMBOA2yI,spotify:track:7HFgnF1oPMzkCqEMBOA2yI,https://api.spotify.com/v1/tracks/7HFgnF1oPMzkCqEMBOA2yI,https://api.spotify.com/v1/audio-analysis/7HFgnF1oPMzkCqEMBOA2yI,265096,4
37BUkaNK1CO2Bhiazr664V,0.392,0.669,3,-5.445,1,0.031,0.019,6.59E-06,0.0534,0.512,160.014,audio_features,37BUkaNK1CO2Bhiazr664V,spotify:track:37BUkaNK1CO2Bhiazr664V,https://api.spotify.com/v1/tracks/37BUkaNK1CO2Bhiazr664V,https://api.spotify.com/v1/audio-analysis/37BUkaNK1CO2Bhiazr664V,259030,3
40Uq8mjn19gIAtHIG6ERZ6,0.603,0.842,9,-4.677,0,0.0388,0.124,1.58E-06,0.56,0.384,90.035,audio_features,40Uq8mjn19gIAtHIG6ERZ6,spotify:track:40Uq8mjn19gIAtHIG6ERZ6,https://api.spotify.com/v1/tracks/40Uq8mjn19gIAtHIG6ERZ6,https://api.spotify.com/v1/audio-analysis/40Uq8mjn19gIAtHIG6ERZ6,219200,4
3UlvUnyiwwQFXTOpt0DlIU,0.374,0.976,9,-5.347,1,0.206,0.0123,0.00603,0.0512,0.144,99.934,audio_features,3UlvUnyiwwQFXTOpt0DlIU,spotify:track:3UlvUnyiwwQFXTOpt0DlIU,https://api.spotify.com/v1/tracks/3UlvUnyiwwQFXTOpt0DlIU,https://api.spotify.com/v1/audio-analysis/3UlvUnyiwwQFXTOpt0DlIU,224444,4
4Me2Cf0Pp3OF518iN201oO,0.455,0.753,6,-5.519,0,0.0439,0.0629,7.01E-06,0.119,0.267,126.286,audio_features,4Me2Cf0Pp3OF518iN201oO,spotify:track:4Me2Cf0Pp3OF518iN201oO,https://api.spotify.com/v1/tracks/4Me2Cf0Pp3OF518iN201oO,https://api.spotify.com/v1/audio-analysis/4Me2Cf0Pp3OF518iN201oO,262013,4
3NyovXfcpc8PDWWKH7xEDs,0.568,0.961,9,-2.182,1,0.065,0.00428,0,0.138,0.924,148.126,audio_features,3NyovXfcpc8PDWWKH7xEDs,spotify:track:3NyovXfcpc8PDWWKH7xEDs,https://api.spotify.com/v1/tracks/3NyovXfcpc8PDWWKH7xEDs,https://api.spotify.com/v1/audio-analysis/3NyovXfcpc8PDWWKH7xEDs,195173,4
5EhLJxspK9SAIjUJfKQA6m,0.62,0.768,8,-5.681,0,0.103,0.0328,0.0599,0.225,0.748,172.09,audio_features,5EhLJxspK9SAIjUJfKQA6m,spotify:track:5EhLJxspK9SAIjUJfKQA6m,https://api.spotify.com/v1/tracks/5EhLJxspK9SAIjUJfKQA6m,https://api.spotify.com/v1/audio-analysis/5EhLJxspK9SAIjUJfKQA6m,209653,4
75vYT7rkUS3AizWDYChNAK,0.548,0.837,2,-6.045,1,0.0431,0.00601,9.6E-05,0.32,0.369,118.034,audio_features,75vYT7rkUS3AizWDYChNAK,spotify:track:75vYT7rkUS3AizWDYChNAK,https://api.spotify.com/v1/tracks/75vYT7rkUS3AizWDYChNAK,https://api.spotify.com/v1/audio-analysis/75vYT7rkUS3AizWDYChNAK,231275,4
3S4pvBVfCMaUQlP8OGxuGD,0.672,0.839,2,-6.196,1,0.0275,0.149,0,0.335,0.74,111.007,audio_features,3S4pvBVfCMaUQlP8OGxuGD,spotify:track:3S4pvBVfCMaUQlP8OGxuGD,https://api.spotify.com/v1/tracks/3S4pvBVfCMaUQlP8OGxuGD,https://api.spotify.com/v1/audio-analysis/3S4pvBVfCMaUQlP8OGxuGD,187424,4
0taM1mwoUfIQrrz3YRJQuM,0.586,0.841,9,-4.095,1,0.0735,0.0148,0,0.522,0.55,102.115,audio_features,0taM1mwoUfIQrrz3YRJQuM,spotify:track:0taM1mwoUfIQrrz3YRJQuM,https://api.spotify.com/v1/tracks/0taM1mwoUfIQrrz3YRJQuM,https://api.spotify.com/v1/audio-analysis/0taM1mwoUfIQrrz3YRJQuM,165566,4
6oFJG4e0ixxwQDdPu7bDPt,0.426,0.664,0,-3.501,1,0.0284,3.68E-05,0.00033,0.18,0.333,157.992,audio_features,6oFJG4e0ixxwQDdPu7bDPt,spotify:track:6oFJG4e0ixxwQDdPu7bDPt,https://api.spotify.com/v1/tracks/6oFJG4e0ixxwQDdPu7bDPt,https://api.spotify.com/v1/audio-analysis/6oFJG4e0ixxwQDdPu7bDPt,201921,4
47HzIZTqyoSiL8J8n2frZk,0.67,0.681,10,-5.236,1,0.0314,5.28E-05,2.07E-06,0.108,0.886,107.056,audio_features,47HzIZTqyoSiL8J8n2frZk,spotify:track:47HzIZTqyoSiL8J8n2frZk,https://api.spotify.com/v1/tracks/47HzIZTqyoSiL8J8n2frZk,https://api.spotify.com/v1/audio-analysis/47HzIZTqyoSiL8J8n2frZk,173816,4
5G2nuYsTavenm3V1uTo7fQ,0.396,0.962,9,-4.429,0,0.0703,0.0251,0.0555,0.306,0.363,136.971,audio_features,5G2nuYsTavenm3V1uTo7fQ,spotify:track:5G2nuYsTavenm3V1uTo7fQ,https://api.spotify.com/v1/tracks/5G2nuYsTavenm3V1uTo7fQ,https://api.spotify.com/v1/audio-analysis/5G2nuYsTavenm3V1uTo7fQ,320787,4
6iIgaicjGuLqynkT6rf7p0,0.535,0.726,4,-8.138,0,0.148,0.000721,0.00783,0.109,0.605,125.167,audio_features,6iIgaicjGuLqynkT6rf7p0,spotify:track:6iIgaicjGuLqynkT6rf7p0,https://api.spotify.com/v1/tracks/6iIgaicjGuLqynkT6rf7p0,https://api.spotify.com/v1/audio-analysis/6iIgaicjGuLqynkT6rf7p0,251467,4
6tInq1Sn2eehdsQGA9Aafh,0.281,0.929,9,-7.639,1,0.11,0.00148,0.00708,0.373,0.636,178.029,audio_features,6tInq1Sn2eehdsQGA9Aafh,spotify:track:6tInq1Sn2eehdsQGA9Aafh,https://api.spotify.com/v1/tracks/6tInq1Sn2eehdsQGA9Aafh,https://api.spotify.com/v1/audio-analysis/6tInq1Sn2eehdsQGA9Aafh,222653,3
67YPjbcxUypwNOwYBZquq1,0.593,0.697,7,-5.416,1,0.0399,0.00289,0.0257,0.14,0.428,170,audio_features,67YPjbcxUypwNOwYBZquq1,spotify:track:67YPjbcxUypwNOwYBZquq1,https://api.spotify.com/v1/tracks/67YPjbcxUypwNOwYBZquq1,https://api.spotify.com/v1/audio-analysis/67YPjbcxUypwNOwYBZquq1,230960,4
58Xf9pv08HhsBdLshzIYAQ,0.659,0.65,8,-7.37,1,0.0242,0.0507,6.78E-05,0.082,0.484,90.065,audio_features,58Xf9pv08HhsBdLshzIYAQ,spotify:track:58Xf9pv08HhsBdLshzIYAQ,https://api.spotify.com/v1/tracks/58Xf9pv08HhsBdLshzIYAQ,https://api.spotify.com/v1/audio-analysis/58Xf9pv08HhsBdLshzIYAQ,193039,4
247kHAmvz2M4RcoYFTSUYU,0.509,0.933,4,-5.633,0,0.099,0.00203,0.000138,0.196,0.374,130.005,audio_features,247kHAmvz2M4RcoYFTSUYU,spotify:track:247kHAmvz2M4RcoYFTSUYU,https://api.spotify.com/v1/tracks/247kHAmvz2M4RcoYFTSUYU,https://api.spotify.com/v1/audio-analysis/247kHAmvz2M4RcoYFTSUYU,288630,4
6CCkq87g6MxHZ5uCYCqdk1,0.31,0.858,0,-3.198,0,0.0367,0.000196,0.00392,0.334,0.247,144.652,audio_features,6CCkq87g6MxHZ5uCYCqdk1,spotify:track:6CCkq87g6MxHZ5uCYCqdk1,https://api.spotify.com/v1/tracks/6CCkq87g6MxHZ5uCYCqdk1,https://api.spotify.com/v1/audio-analysis/6CCkq87g6MxHZ5uCYCqdk1,284787,4
2sHPKFtVy4Etpumo9Z9psd,0.568,0.916,6,-5.327,1,0.0943,0.115,0.000464,0.0779,0.52,129.981,audio_features,2sHPKFtVy4Etpumo9Z9psd,spotify:track:2sHPKFtVy4Etpumo9Z9psd,https://api.spotify.com/v1/tracks/2sHPKFtVy4Etpumo9Z9psd,https://api.spotify.com/v1/audio-analysis/2sHPKFtVy4Etpumo9Z9psd,238148,4
7DFkmxKwpnlqbq6dbPFuMH,0.672,0.948,4,-3.813,0,0.0708,0.0235,3.43E-05,0.0461,0.7,115.021,audio_features,7DFkmxKwpnlqbq6dbPFuMH,spotify:track:7DFkmxKwpnlqbq6dbPFuMH,https://api.spotify.com/v1/tracks/7DFkmxKwpnlqbq6dbPFuMH,https://api.spotify.com/v1/audio-analysis/7DFkmxKwpnlqbq6dbPFuMH,218867,4
4UAXKG4UIXs4LGCioIxRox,0.387,0.649,3,-7.603,1,0.109,0.0738,0.00347,0.189,0.409,84.973,audio_features,4UAXKG4UIXs4LGCioIxRox,spotify:track:4UAXKG4UIXs4LGCioIxRox,https://api.spotify.com/v1/tracks/4UAXKG4UIXs4LGCioIxRox,https://api.spotify.com/v1/audio-analysis/4UAXKG4UIXs4LGCioIxRox,302449,4
7vNlyHGvF1UPwIGjQBoVFG,0.681,0.496,0,-7.916,0,0.031,0.0567,0.337,0.126,0.272,134.953,audio_features,7vNlyHGvF1UPwIGjQBoVFG,spotify:track:7vNlyHGvF1UPwIGjQBoVFG,https://api.spotify.com/v1/tracks/7vNlyHGvF1UPwIGjQBoVFG,https://api.spotify.com/v1/audio-analysis/7vNlyHGvF1UPwIGjQBoVFG,285068,4
13gax9oQUwc13mshdh7C2j,0.365,0.778,5,-6.117,0,0.039,6.42E-05,1.35E-06,0.299,0.712,73.93,audio_features,13gax9oQUwc13mshdh7C2j,spotify:track:13gax9oQUwc13mshdh7C2j,https://api.spotify.com/v1/tracks/13gax9oQUwc13mshdh7C2j,https://api.spotify.com/v1/audio-analysis/13gax9oQUwc13mshdh7C2j,199787,4
5l74gBFPuMkN1KcoLMP1Zk,0.326,0.677,9,-5.449,1,0.116,0.0109,0.00281,0.385,0.586,184.8,audio_features,5l74gBFPuMkN1KcoLMP1Zk,spotify:track:5l74gBFPuMkN1KcoLMP1Zk,https://api.spotify.com/v1/tracks/5l74gBFPuMkN1KcoLMP1Zk,https://api.spotify.com/v1/audio-analysis/5l74gBFPuMkN1KcoLMP1Zk,180324,4
7nUBKIFijTXrZuq0k2nsgZ,0.601,0.843,9,-4.674,1,0.0446,0.133,1.75E-06,0.613,0.403,114.829,audio_features,7nUBKIFijTXrZuq0k2nsgZ,spotify:track:7nUBKIFijTXrZuq0k2nsgZ,https://api.spotify.com/v1/tracks/7nUBKIFijTXrZuq0k2nsgZ,https://api.spotify.com/v1/audio-analysis/7nUBKIFijTXrZuq0k2nsgZ,197104,4
2lYTIEA8KJQWysrhXDogcD,0.401,0.591,2,-4.65,1,0.0299,0.00252,0.00278,0.313,0.691,82.132,audio_features,2lYTIEA8KJQWysrhXDogcD,spotify:track:2lYTIEA8KJQWysrhXDogcD,https://api.spotify.com/v1/tracks/2lYTIEA8KJQWysrhXDogcD,https://api.spotify.com/v1/audio-analysis/2lYTIEA8KJQWysrhXDogcD,164645,4
11FvComd16zZX61DrlP3o1,0.391,0.8,2,-2.761,1,0.0523,0.00977,3.08E-06,0.329,0.398,83.81,audio_features,11FvComd16zZX61DrlP3o1,spotify:track:11FvComd16zZX61DrlP3o1,https://api.spotify.com/v1/tracks/11FvComd16zZX61DrlP3o1,https://api.spotify.com/v1/audio-analysis/11FvComd16zZX61DrlP3o1,210851,4
5QFkPcL67mTKEfWkboqAzq,0.541,0.333,8,-11.095,1,0.0357,0.424,0.026,0.0942,0.206,118.256,audio_features,5QFkPcL67mTKEfWkboqAzq,spotify:track:5QFkPcL67mTKEfWkboqAzq,https://api.spotify.com/v1/tracks/5QFkPcL67mTKEfWkboqAzq,https://api.spotify.com/v1/audio-analysis/5QFkPcL67mTKEfWkboqAzq,243167,4
22OYLngvFWsKsAbJp8TO3H,0.639,0.699,9,-6.736,1,0.0303,0.0197,0,0.0726,0.96,150.007,audio_features,22OYLngvFWsKsAbJp8TO3H,spotify:track:22OYLngvFWsKsAbJp8TO3H,https://api.spotify.com/v1/tracks/22OYLngvFWsKsAbJp8TO3H,https://api.spotify.com/v1/audio-analysis/22OYLngvFWsKsAbJp8TO3H,196600,4
0dApI39mMqaXSbSsq4J7kI,0.464,0.839,0,-3.558,1,0.0388,0.117,8.63E-05,0.085,0.221,168.135,audio_features,0dApI39mMqaXSbSsq4J7kI,spotify:track:0dApI39mMqaXSbSsq4J7kI,https://api.spotify.com/v1/tracks/0dApI39mMqaXSbSsq4J7kI,https://api.spotify.com/v1/audio-analysis/0dApI39mMqaXSbSsq4J7kI,205045,4
5aTUQ6mdI4AOm7gH1aBpdq,0.542,0.963,7,-4.635,1,0.0381,0.000292,0.000688,0.0567,0.929,135.028,audio_features,5aTUQ6mdI4AOm7gH1aBpdq,spotify:track:5aTUQ6mdI4AOm7gH1aBpdq,https://api.spotify.com/v1/tracks/5aTUQ6mdI4AOm7gH1aBpdq,https://api.spotify.com/v1/audio-analysis/5aTUQ6mdI4AOm7gH1aBpdq,204333,4
3bGWIrId9JXQYZZZzJIa0H,0.508,0.903,9,-4.91,0,0.0442,0.00133,7.88E-06,0.116,0.689,141.987,audio_features,3bGWIrId9JXQYZZZzJIa0H,spotify:track:3bGWIrId9JXQYZZZzJIa0H,https://api.spotify.com/v1/tracks/3bGWIrId9JXQYZZZzJIa0H,https://api.spotify.com/v1/audio-analysis/3bGWIrId9JXQYZZZzJIa0H,229453,4
3qzp4hb3YaRIkezSceqpRR,0.554,0.667,7,-9.343,1,0.0439,0.0632,1.43E-05,0.0686,0.281,100.017,audio_features,3qzp4hb3YaRIkezSceqpRR,spotify:track:3qzp4hb3YaRIkezSceqpRR,https://api.spotify.com/v1/tracks/3qzp4hb3YaRIkezSceqpRR,https://api.spotify.com/v1/audio-analysis/3qzp4hb3YaRIkezSceqpRR,217633,4
7x7WyzZjrXd1oruLCcTnhw,0.633,0.925,5,-4.767,0,0.0976,0.017,0.000149,0.0889,0.472,117.049,audio_features,7x7WyzZjrXd1oruLCcTnhw,spotify:track:7x7WyzZjrXd1oruLCcTnhw,https://api.spotify.com/v1/tracks/7x7WyzZjrXd1oruLCcTnhw,https://api.spotify.com/v1/audio-analysis/7x7WyzZjrXd1oruLCcTnhw,179447,4
40OKAxQQiFRiPeGnbeCFOc,0.682,0.764,2,-5.946,0,0.0383,0.0752,0,0.153,0.535,95.981,audio_features,40OKAxQQiFRiPeGnbeCFOc,spotify:track:40OKAxQQiFRiPeGnbeCFOc,https://api.spotify.com/v1/tracks/40OKAxQQiFRiPeGnbeCFOc,https://api.spotify.com/v1/audio-analysis/40OKAxQQiFRiPeGnbeCFOc,203027,4
2CR3rZKwLWNMXDLooqpFHV,0.5,0.55,5,-8.447,1,0.0286,0.189,0.0921,0.0999,0.522,76.04,audio_features,2CR3rZKwLWNMXDLooqpFHV,spotify:track:2CR3rZKwLWNMXDLooqpFHV,https://api.spotify.com/v1/tracks/2CR3rZKwLWNMXDLooqpFHV,https://api.spotify.com/v1/audio-analysis/2CR3rZKwLWNMXDLooqpFHV,240667,4
34VxehtpB6VaZ7s0rHOOXb,0.547,0.437,9,-9.977,1,0.0287,0.0153,7.43E-05,0.0732,0.315,79.969,audio_features,34VxehtpB6VaZ7s0rHOOXb,spotify:track:34VxehtpB6VaZ7s0rHOOXb,https://api.spotify.com/v1/tracks/34VxehtpB6VaZ7s0rHOOXb,https://api.spotify.com/v1/audio-analysis/34VxehtpB6VaZ7s0rHOOXb,210944,4
0W4yudHv5OMEMZOXISABU0,0.496,0.97,9,-3.893,0,0.121,0.00377,0,0.258,0.35,136.033,audio_features,0W4yudHv5OMEMZOXISABU0,spotify:track:0W4yudHv5OMEMZOXISABU0,https://api.spotify.com/v1/tracks/0W4yudHv5OMEMZOXISABU0,https://api.spotify.com/v1/audio-analysis/0W4yudHv5OMEMZOXISABU0,215816,4
0rwmKKKzWOj8OwHMgGSPpG,0.431,0.914,1,-4.78,1,0.15,0.0464,0,0.133,0.55,175.152,audio_features,0rwmKKKzWOj8OwHMgGSPpG,spotify:track:0rwmKKKzWOj8OwHMgGSPpG,https://api.spotify.com/v1/tracks/0rwmKKKzWOj8OwHMgGSPpG,https://api.spotify.com/v1/audio-analysis/0rwmKKKzWOj8OwHMgGSPpG,262451,4
2fpDrL2Vpee0JnM6AoUFvl,0.486,0.638,0,-6.231,1,0.0323,0.000921,0,0.078,0.178,144.458,audio_features,2fpDrL2Vpee0JnM6AoUFvl,spotify:track:2fpDrL2Vpee0JnM6AoUFvl,https://api.spotify.com/v1/tracks/2fpDrL2Vpee0JnM6AoUFvl,https://api.spotify.com/v1/audio-analysis/2fpDrL2Vpee0JnM6AoUFvl,199827,4
0zIGtDNnzW9soHdJtdgVV3,0.499,0.536,4,-6.416,1,0.033,0.000905,3.68E-05,0.149,0.166,132.162,audio_features,0zIGtDNnzW9soHdJtdgVV3,spotify:track:0zIGtDNnzW9soHdJtdgVV3,https://api.spotify.com/v1/tracks/0zIGtDNnzW9soHdJtdgVV3,https://api.spotify.com/v1/audio-analysis/0zIGtDNnzW9soHdJtdgVV3,235484,4
09QyGlxA0Ja6D1dGIjl55c,0.333,0.691,6,-5.224,0,0.0428,0.0135,5.75E-05,0.164,0.341,125.204,audio_features,09QyGlxA0Ja6D1dGIjl55c,spotify:track:09QyGlxA0Ja6D1dGIjl55c,https://api.spotify.com/v1/tracks/09QyGlxA0Ja6D1dGIjl55c,https://api.spotify.com/v1/audio-analysis/09QyGlxA0Ja6D1dGIjl55c,165000,4
5f3kkaaHNalTI6cE1uaJtv,0.406,0.738,0,-4.265,1,0.0444,0.0355,5.47E-05,0.0901,0.694,102.669,audio_features,5f3kkaaHNalTI6cE1uaJtv,spotify:track:5f3kkaaHNalTI6cE1uaJtv,https://api.spotify.com/v1/tracks/5f3kkaaHNalTI6cE1uaJtv,https://api.spotify.com/v1/audio-analysis/5f3kkaaHNalTI6cE1uaJtv,212587,4
4wyjvWBoDV8DwtLwNkYZrn,0.26,0.81,7,-9.432,1,0.0532,0.0681,0.531,0.129,0.282,138.612,audio_features,4wyjvWBoDV8DwtLwNkYZrn,spotify:track:4wyjvWBoDV8DwtLwNkYZrn,https://api.spotify.com/v1/tracks/4wyjvWBoDV8DwtLwNkYZrn,https://api.spotify.com/v1/audio-analysis/4wyjvWBoDV8DwtLwNkYZrn,173333,4
3Z1OkDzgv4nnVnnsneowFB,0.509,0.582,10,-7.172,1,0.0333,0.593,0.000811,0.0996,0.552,92.044,audio_features,3Z1OkDzgv4nnVnnsneowFB,spotify:track:3Z1OkDzgv4nnVnnsneowFB,https://api.spotify.com/v1/tracks/3Z1OkDzgv4nnVnnsneowFB,https://api.spotify.com/v1/audio-analysis/3Z1OkDzgv4nnVnnsneowFB,393960,4
419I31ICENchipKMNO1dCQ,0.522,0.739,9,-3.22,1,0.0307,0.0737,0,0.174,0.308,91.047,audio_features,419I31ICENchipKMNO1dCQ,spotify:track:419I31ICENchipKMNO1dCQ,https://api.spotify.com/v1/tracks/419I31ICENchipKMNO1dCQ,https://api.spotify.com/v1/audio-analysis/419I31ICENchipKMNO1dCQ,210093,4
3X4YuIXeQo5kf34mM0gtju,0.545,0.74,11,-7.081,0,0.0343,0.118,0.00012,0.192,0.29,92.007,audio_features,3X4YuIXeQo5kf34mM0gtju,spotify:track:3X4YuIXeQo5kf34mM0gtju,https://api.spotify.com/v1/tracks/3X4YuIXeQo5kf34mM0gtju,https://api.spotify.com/v1/audio-analysis/3X4YuIXeQo5kf34mM0gtju,183979,4
2083th3D8FuQF8Erk2VPBe,0.592,0.358,0,-9.446,1,0.0271,0.339,0,0.107,0.206,77.5,audio_features,2083th3D8FuQF8Erk2VPBe,spotify:track:2083th3D8FuQF8Erk2VPBe,https://api.spotify.com/v1/tracks/2083th3D8FuQF8Erk2VPBe,https://api.spotify.com/v1/audio-analysis/2083th3D8FuQF8Erk2VPBe,194187,4
6Mxb9ZguHzhND7GiTkWJiu,0.41,0.684,11,-5.391,1,0.032,0.0394,0.00112,0.137,0.636,80.137,audio_features,6Mxb9ZguHzhND7GiTkWJiu,spotify:track:6Mxb9ZguHzhND7GiTkWJiu,https://api.spotify.com/v1/tracks/6Mxb9ZguHzhND7GiTkWJiu,https://api.spotify.com/v1/audio-analysis/6Mxb9ZguHzhND7GiTkWJiu,220819,4
31zx4ZKwVbFzJUcWdmVm5e,0.411,0.458,3,-6.289,0,0.0357,0.646,0.00103,0.0987,0.0833,119.689,audio_features,31zx4ZKwVbFzJUcWdmVm5e,spotify:track:31zx4ZKwVbFzJUcWdmVm5e,https://api.spotify.com/v1/tracks/31zx4ZKwVbFzJUcWdmVm5e,https://api.spotify.com/v1/audio-analysis/31zx4ZKwVbFzJUcWdmVm5e,305533,4
2JHI7iBLp38su1u6Xu3JBI,0.507,0.933,11,-3.74,1,0.091,0.00764,7.86E-05,0.345,0.555,148.146,audio_features,2JHI7iBLp38su1u6Xu3JBI,spotify:track:2JHI7iBLp38su1u6Xu3JBI,https://api.spotify.com/v1/tracks/2JHI7iBLp38su1u6Xu3JBI,https://api.spotify.com/v1/audio-analysis/2JHI7iBLp38su1u6Xu3JBI,187853,4
3zgzbGes5o5X0ExPhj0zpl,0.589,0.86,8,-4.3,1,0.219,0.00777,0,0.18,0.878,159.982,audio_features,3zgzbGes5o5X0ExPhj0zpl,spotify:track:3zgzbGes5o5X0ExPhj0zpl,https://api.spotify.com/v1/tracks/3zgzbGes5o5X0ExPhj0zpl,https://api.spotify.com/v1/audio-analysis/3zgzbGes5o5X0ExPhj0zpl,201886,4
311XT9zcGlCcMN5ibIkQQr,0.582,0.913,8,-4.132,1,0.101,0.00173,0,0.0646,0.927,150.001,audio_features,311XT9zcGlCcMN5ibIkQQr,spotify:track:311XT9zcGlCcMN5ibIkQQr,https://api.spotify.com/v1/tracks/311XT9zcGlCcMN5ibIkQQr,https://api.spotify.com/v1/audio-analysis/311XT9zcGlCcMN5ibIkQQr,144933,4
419u63X5xP9g7SMVfecR21,0.6,0.847,0,-4.921,1,0.102,0.0285,0,0.0773,0.623,121.922,audio_features,419u63X5xP9g7SMVfecR21,spotify:track:419u63X5xP9g7SMVfecR21,https://api.spotify.com/v1/tracks/419u63X5xP9g7SMVfecR21,https://api.spotify.com/v1/audio-analysis/419u63X5xP9g7SMVfecR21,229213,4
7ssY5VFC2psfUuw5g7UQ9h,0.518,0.842,9,-5.162,0,0.0401,0.118,0.000258,0.133,0.597,201.95,audio_features,7ssY5VFC2psfUuw5g7UQ9h,spotify:track:7ssY5VFC2psfUuw5g7UQ9h,https://api.spotify.com/v1/tracks/7ssY5VFC2psfUuw5g7UQ9h,https://api.spotify.com/v1/audio-analysis/7ssY5VFC2psfUuw5g7UQ9h,250587,4
5tABJYXHCOo3HRSd0ClfEd,0.631,0.847,3,-4.782,1,0.16,0.0834,0,0.318,0.704,141.965,audio_features,5tABJYXHCOo3HRSd0ClfEd,spotify:track:5tABJYXHCOo3HRSd0ClfEd,https://api.spotify.com/v1/tracks/5tABJYXHCOo3HRSd0ClfEd,https://api.spotify.com/v1/audio-analysis/5tABJYXHCOo3HRSd0ClfEd,202880,4
7DPQwyMQADl9Y8oSvSVpfg,0.672,0.899,2,-6.878,1,0.0323,0.22,0.302,0.142,0.927,139.01,audio_features,7DPQwyMQADl9Y8oSvSVpfg,spotify:track:7DPQwyMQADl9Y8oSvSVpfg,https://api.spotify.com/v1/tracks/7DPQwyMQADl9Y8oSvSVpfg,https://api.spotify.com/v1/audio-analysis/7DPQwyMQADl9Y8oSvSVpfg,319347,4
4USqI8cPErryA8daiZaizM,0.56,0.696,10,-8.802,0,0.0591,0.0047,0.0265,0.286,0.696,127.967,audio_features,4USqI8cPErryA8daiZaizM,spotify:track:4USqI8cPErryA8daiZaizM,https://api.spotify.com/v1/tracks/4USqI8cPErryA8daiZaizM,https://api.spotify.com/v1/audio-analysis/4USqI8cPErryA8daiZaizM,212081,4
4l7F39cJ9mejxpuDp8rUX0,0.496,0.948,5,-4.584,0,0.0566,0.037,0.121,0.196,0.354,112.951,audio_features,4l7F39cJ9mejxpuDp8rUX0,spotify:track:4l7F39cJ9mejxpuDp8rUX0,https://api.spotify.com/v1/tracks/4l7F39cJ9mejxpuDp8rUX0,https://api.spotify.com/v1/audio-analysis/4l7F39cJ9mejxpuDp8rUX0,272067,4
0dq6hRNyNRXCDIfzk6UFJF,0.698,0.618,0,-6.909,1,0.0281,0.331,0.00518,0.166,0.834,120.919,audio_features,0dq6hRNyNRXCDIfzk6UFJF,spotify:track:0dq6hRNyNRXCDIfzk6UFJF,https://api.spotify.com/v1/tracks/0dq6hRNyNRXCDIfzk6UFJF,https://api.spotify.com/v1/audio-analysis/0dq6hRNyNRXCDIfzk6UFJF,357477,4
0AU6pV4oIsdpKRrGnVLkLZ,0.702,0.549,0,-8.466,1,0.0254,0.178,0.00307,0.211,0.846,110.844,audio_features,0AU6pV4oIsdpKRrGnVLkLZ,spotify:track:0AU6pV4oIsdpKRrGnVLkLZ,https://api.spotify.com/v1/tracks/0AU6pV4oIsdpKRrGnVLkLZ,https://api.spotify.com/v1/audio-analysis/0AU6pV4oIsdpKRrGnVLkLZ,189227,4
277iA4Iw1d9NCsfk2JJP1q,0.452,0.906,0,-4.888,0,0.24,0.0849,7.29E-05,0.753,0.635,167.088,audio_features,277iA4Iw1d9NCsfk2JJP1q,spotify:track:277iA4Iw1d9NCsfk2JJP1q,https://api.spotify.com/v1/tracks/277iA4Iw1d9NCsfk2JJP1q,https://api.spotify.com/v1/audio-analysis/277iA4Iw1d9NCsfk2JJP1q,185610,4
5DlQetNIPiALnYuM3BFgRz,0.551,0.896,11,-4.905,1,0.0443,0.0049,0.00514,0.252,0.54,106.483,audio_features,5DlQetNIPiALnYuM3BFgRz,spotify:track:5DlQetNIPiALnYuM3BFgRz,https://api.spotify.com/v1/tracks/5DlQetNIPiALnYuM3BFgRz,https://api.spotify.com/v1/audio-analysis/5DlQetNIPiALnYuM3BFgRz,214410,4
7siD4wJRiNcC4680aiqOZg,0.485,0.633,1,-6.59,0,0.0509,0.245,0,0.201,0.291,156.002,audio_features,7siD4wJRiNcC4680aiqOZg,spotify:track:7siD4wJRiNcC4680aiqOZg,https://api.spotify.com/v1/tracks/7siD4wJRiNcC4680aiqOZg,https://api.spotify.com/v1/audio-analysis/7siD4wJRiNcC4680aiqOZg,222907,4
7CVZF9lHZvNeSSCV6S5F6g,0.515,0.714,0,-6.514,1,0.0373,0.00345,0,0.0781,0.307,77.028,audio_features,7CVZF9lHZvNeSSCV6S5F6g,spotify:track:7CVZF9lHZvNeSSCV6S5F6g,https://api.spotify.com/v1/tracks/7CVZF9lHZvNeSSCV6S5F6g,https://api.spotify.com/v1/audio-analysis/7CVZF9lHZvNeSSCV6S5F6g,227636,4
60t8FdpejxHC8OeTe0gHeg,0.435,0.768,1,-4.892,1,0.043,0.072,0.114,0.128,0.227,113.983,audio_features,60t8FdpejxHC8OeTe0gHeg,spotify:track:60t8FdpejxHC8OeTe0gHeg,https://api.spotify.com/v1/tracks/60t8FdpejxHC8OeTe0gHeg,https://api.spotify.com/v1/audio-analysis/60t8FdpejxHC8OeTe0gHeg,217480,4
7sUW7X7blDODuD4kX0RRLu,0.654,0.595,7,-5.354,0,0.0293,0.192,1.27E-05,0.132,0.207,101.032,audio_features,7sUW7X7blDODuD4kX0RRLu,spotify:track:7sUW7X7blDODuD4kX0RRLu,https://api.spotify.com/v1/tracks/7sUW7X7blDODuD4kX0RRLu,https://api.spotify.com/v1/audio-analysis/7sUW7X7blDODuD4kX0RRLu,258432,4
4qHSciBVrNNpUlI8TT9CHQ,0.698,0.736,2,-5.525,1,0.0481,0.0664,2.16E-05,0.119,0.822,127.979,audio_features,4qHSciBVrNNpUlI8TT9CHQ,spotify:track:4qHSciBVrNNpUlI8TT9CHQ,https://api.spotify.com/v1/tracks/4qHSciBVrNNpUlI8TT9CHQ,https://api.spotify.com/v1/audio-analysis/4qHSciBVrNNpUlI8TT9CHQ,214267,4
6XOtuSLtsnZKhvcW9DBaUL,0.457,0.582,9,-4.971,1,0.0285,0.00592,2.39E-05,0.0847,0.335,76.049,audio_features,6XOtuSLtsnZKhvcW9DBaUL,spotify:track:6XOtuSLtsnZKhvcW9DBaUL,https://api.spotify.com/v1/tracks/6XOtuSLtsnZKhvcW9DBaUL,https://api.spotify.com/v1/audio-analysis/6XOtuSLtsnZKhvcW9DBaUL,220253,4
2d1fFtfsPOqCoTURgBKV7N,0.729,0.406,8,-9.388,1,0.0533,0.248,0,0.114,0.177,127.954,audio_features,2d1fFtfsPOqCoTURgBKV7N,spotify:track:2d1fFtfsPOqCoTURgBKV7N,https://api.spotify.com/v1/tracks/2d1fFtfsPOqCoTURgBKV7N,https://api.spotify.com/v1/audio-analysis/2d1fFtfsPOqCoTURgBKV7N,199387,4
7he1eOKQBxz1JK66afUzzD,0.491,0.621,0,-5.061,0,0.05,0.249,0,0.133,0.265,161.986,audio_features,7he1eOKQBxz1JK66afUzzD,spotify:track:7he1eOKQBxz1JK66afUzzD,https://api.spotify.com/v1/tracks/7he1eOKQBxz1JK66afUzzD,https://api.spotify.com/v1/audio-analysis/7he1eOKQBxz1JK66afUzzD,217645,3
2GJTLNHdLTkzPmAmbEAIZQ,0.315,0.728,4,-9.809,0,0.0511,0.00022,1.77E-05,0.565,0.364,160.006,audio_features,2GJTLNHdLTkzPmAmbEAIZQ,spotify:track:2GJTLNHdLTkzPmAmbEAIZQ,https://api.spotify.com/v1/tracks/2GJTLNHdLTkzPmAmbEAIZQ,https://api.spotify.com/v1/audio-analysis/2GJTLNHdLTkzPmAmbEAIZQ,153469,4
6lB9k4BcaxNgD3odmDjf5L,0.565,0.881,7,-3.349,1,0.0363,0.00336,2.09E-06,0.11,0.477,130.04,audio_features,6lB9k4BcaxNgD3odmDjf5L,spotify:track:6lB9k4BcaxNgD3odmDjf5L,https://api.spotify.com/v1/tracks/6lB9k4BcaxNgD3odmDjf5L,https://api.spotify.com/v1/audio-analysis/6lB9k4BcaxNgD3odmDjf5L,215920,4
53xIMpFKswj3mqbPuiFJC0,0.453,0.914,1,-3.445,1,0.0825,0.0018,0,0.349,0.504,129.841,audio_features,53xIMpFKswj3mqbPuiFJC0,spotify:track:53xIMpFKswj3mqbPuiFJC0,https://api.spotify.com/v1/tracks/53xIMpFKswj3mqbPuiFJC0,https://api.spotify.com/v1/audio-analysis/53xIMpFKswj3mqbPuiFJC0,175680,4
7aQT5OB4zEgyyxfRDbOBIt,0.457,0.941,6,-5.174,1,0.0339,0.000136,3.12E-06,0.0896,0.704,154.038,audio_features,7aQT5OB4zEgyyxfRDbOBIt,spotify:track:7aQT5OB4zEgyyxfRDbOBIt,https://api.spotify.com/v1/tracks/7aQT5OB4zEgyyxfRDbOBIt,https://api.spotify.com/v1/audio-analysis/7aQT5OB4zEgyyxfRDbOBIt,201680,4
0RpBRDja3DCphm5FmABLvJ,0.54,0.805,2,-3.838,0,0.0307,0.0016,7.86E-05,0.138,0.561,116.464,audio_features,0RpBRDja3DCphm5FmABLvJ,spotify:track:0RpBRDja3DCphm5FmABLvJ,https://api.spotify.com/v1/tracks/0RpBRDja3DCphm5FmABLvJ,https://api.spotify.com/v1/audio-analysis/0RpBRDja3DCphm5FmABLvJ,178920,4
2mwnYvlLVP465u9V9wjUGj,0.4,0.946,1,-3.966,0,0.0634,0.000136,0.853,0.155,0.611,161.591,audio_features,2mwnYvlLVP465u9V9wjUGj,spotify:track:2mwnYvlLVP465u9V9wjUGj,https://api.spotify.com/v1/tracks/2mwnYvlLVP465u9V9wjUGj,https://api.spotify.com/v1/audio-analysis/2mwnYvlLVP465u9V9wjUGj,245573,4
2nrSM58dj4hkGc0eDyMR2i,0.6,0.722,1,-7.474,0,0.0319,0.00799,0.00927,0.159,0.437,127.944,audio_features,2nrSM58dj4hkGc0eDyMR2i,spotify:track:2nrSM58dj4hkGc0eDyMR2i,https://api.spotify.com/v1/tracks/2nrSM58dj4hkGc0eDyMR2i,https://api.spotify.com/v1/audio-analysis/2nrSM58dj4hkGc0eDyMR2i,255787,4
5xlUu9BvHt0tNbFA1NeeyD,0.583,0.749,9,-5.794,1,0.0316,0.287,0.00406,0.203,0.859,144.177,audio_features,5xlUu9BvHt0tNbFA1NeeyD,spotify:track:5xlUu9BvHt0tNbFA1NeeyD,https://api.spotify.com/v1/tracks/5xlUu9BvHt0tNbFA1NeeyD,https://api.spotify.com/v1/audio-analysis/5xlUu9BvHt0tNbFA1NeeyD,247008,4
5kuFCKfGMFsBenmPfMB3cw,0.434,0.748,1,-7.707,1,0.0522,0.11,0.000273,0.102,0.703,151.265,audio_features,5kuFCKfGMFsBenmPfMB3cw,spotify:track:5kuFCKfGMFsBenmPfMB3cw,https://api.spotify.com/v1/tracks/5kuFCKfGMFsBenmPfMB3cw,https://api.spotify.com/v1/audio-analysis/5kuFCKfGMFsBenmPfMB3cw,394200,4
5A5b76vOfisW1EUSEJjyjF,0.532,0.76,5,-8.078,1,0.0388,0.00146,0.00386,0.205,0.743,109.85,audio_features,5A5b76vOfisW1EUSEJjyjF,spotify:track:5A5b76vOfisW1EUSEJjyjF,https://api.spotify.com/v1/tracks/5A5b76vOfisW1EUSEJjyjF,https://api.spotify.com/v1/audio-analysis/5A5b76vOfisW1EUSEJjyjF,176267,3
3sJHkcxojoJD2Ytbo1yLLF,0.649,0.762,11,-5.153,0,0.0447,0.0852,0.00383,0.118,0.48,107.034,audio_features,3sJHkcxojoJD2Ytbo1yLLF,spotify:track:3sJHkcxojoJD2Ytbo1yLLF,https://api.spotify.com/v1/tracks/3sJHkcxojoJD2Ytbo1yLLF,https://api.spotify.com/v1/audio-analysis/3sJHkcxojoJD2Ytbo1yLLF,213693,4
4bhTJfVPynHxot7dlVNgq7,0.618,0.732,7,-5.565,1,0.0395,0.00194,0.0525,0.0811,0.788,135.076,audio_features,4bhTJfVPynHxot7dlVNgq7,spotify:track:4bhTJfVPynHxot7dlVNgq7,https://api.spotify.com/v1/tracks/4bhTJfVPynHxot7dlVNgq7,https://api.spotify.com/v1/audio-analysis/4bhTJfVPynHxot7dlVNgq7,253733,4
39mypRmMWQJpVdCsWNxT3h,0.473,0.926,0,-6.002,0,0.0929,0.0269,0,0.104,0.361,139.477,audio_features,39mypRmMWQJpVdCsWNxT3h,spotify:track:39mypRmMWQJpVdCsWNxT3h,https://api.spotify.com/v1/tracks/39mypRmMWQJpVdCsWNxT3h,https://api.spotify.com/v1/audio-analysis/39mypRmMWQJpVdCsWNxT3h,204827,4
4Bat75aAUU5ZgW0oN7G5p4,0.493,0.879,4,-3.305,0,0.0737,0.035,0.00116,0.343,0.567,120.066,audio_features,4Bat75aAUU5ZgW0oN7G5p4,spotify:track:4Bat75aAUU5ZgW0oN7G5p4,https://api.spotify.com/v1/tracks/4Bat75aAUU5ZgW0oN7G5p4,https://api.spotify.com/v1/audio-analysis/4Bat75aAUU5ZgW0oN7G5p4,208675,4
7CfwGGOs7kufRgUSeORf9h,0.538,0.524,8,-5.752,1,0.0286,0.788,0,0.347,0.322,79.983,audio_features,7CfwGGOs7kufRgUSeORf9h,spotify:track:7CfwGGOs7kufRgUSeORf9h,https://api.spotify.com/v1/tracks/7CfwGGOs7kufRgUSeORf9h,https://api.spotify.com/v1/audio-analysis/7CfwGGOs7kufRgUSeORf9h,230947,4
0VFpukbVxjLAz1Bk7hTbdF,0.569,0.783,3,-5.191,1,0.05,0.00292,0.0383,0.117,0.888,195.088,audio_features,0VFpukbVxjLAz1Bk7hTbdF,spotify:track:0VFpukbVxjLAz1Bk7hTbdF,https://api.spotify.com/v1/tracks/0VFpukbVxjLAz1Bk7hTbdF,https://api.spotify.com/v1/audio-analysis/0VFpukbVxjLAz1Bk7hTbdF,222520,4
3NNimGud58iHka1LHkda6D,0.547,0.934,7,-5.6,0,0.0346,0.59,0.384,0.804,0.738,157.033,audio_features,3NNimGud58iHka1LHkda6D,spotify:track:3NNimGud58iHka1LHkda6D,https://api.spotify.com/v1/tracks/3NNimGud58iHka1LHkda6D,https://api.spotify.com/v1/audio-analysis/3NNimGud58iHka1LHkda6D,270053,4
5tJBIfrKncZvqyj6dBNwK0,0.504,0.717,2,-5.465,1,0.0747,0.0172,0,0.383,0.352,147.862,audio_features,5tJBIfrKncZvqyj6dBNwK0,spotify:track:5tJBIfrKncZvqyj6dBNwK0,https://api.spotify.com/v1/tracks/5tJBIfrKncZvqyj6dBNwK0,https://api.spotify.com/v1/audio-analysis/5tJBIfrKncZvqyj6dBNwK0,204634,4
23PJdLzeRY1AVddhBzF62x,0.487,0.965,11,-4.013,1,0.0696,0.00136,0.000131,0.0872,0.479,99.937,audio_features,23PJdLzeRY1AVddhBzF62x,spotify:track:23PJdLzeRY1AVddhBzF62x,https://api.spotify.com/v1/tracks/23PJdLzeRY1AVddhBzF62x,https://api.spotify.com/v1/audio-analysis/23PJdLzeRY1AVddhBzF62x,185653,4
6K4t31amVTZDgR3sKmwUJJ,0.64,0.74,4,-4.083,1,0.0284,0.0115,0.00678,0.167,0.785,116.879,audio_features,6K4t31amVTZDgR3sKmwUJJ,spotify:track:6K4t31amVTZDgR3sKmwUJJ,https://api.spotify.com/v1/tracks/6K4t31amVTZDgR3sKmwUJJ,https://api.spotify.com/v1/audio-analysis/6K4t31amVTZDgR3sKmwUJJ,216320,4
2kG5litgxXvx6ZRgwO1v7W,0.396,0.677,3,-7.513,1,0.0354,0.0372,0.000137,0.112,0.249,135.177,audio_features,2kG5litgxXvx6ZRgwO1v7W,spotify:track:2kG5litgxXvx6ZRgwO1v7W,https://api.spotify.com/v1/tracks/2kG5litgxXvx6ZRgwO1v7W,https://api.spotify.com/v1/audio-analysis/2kG5litgxXvx6ZRgwO1v7W,239880,4
0j7UTOVx4jw8rCm720JWgg,0.559,0.724,9,-4.18,0,0.0348,0.00594,0,0.102,0.304,128.883,audio_features,0j7UTOVx4jw8rCm720JWgg,spotify:track:0j7UTOVx4jw8rCm720JWgg,https://api.spotify.com/v1/tracks/0j7UTOVx4jw8rCm720JWgg,https://api.spotify.com/v1/audio-analysis/0j7UTOVx4jw8rCm720JWgg,192778,4
12hzr4sfrM45vcXqv0B1df,0.341,0.937,0,-3.639,1,0.0419,0.00214,0.00398,0.34,0.65,132.659,audio_features,12hzr4sfrM45vcXqv0B1df,spotify:track:12hzr4sfrM45vcXqv0B1df,https://api.spotify.com/v1/tracks/12hzr4sfrM45vcXqv0B1df,https://api.spotify.com/v1/audio-analysis/12hzr4sfrM45vcXqv0B1df,206680,4
2zffJrsswcDnVhLW5sXYsp,0.467,0.93,9,-2.715,1,0.0409,0.00022,0.000617,0.13,0.25,126.038,audio_features,2zffJrsswcDnVhLW5sXYsp,spotify:track:2zffJrsswcDnVhLW5sXYsp,https://api.spotify.com/v1/tracks/2zffJrsswcDnVhLW5sXYsp,https://api.spotify.com/v1/audio-analysis/2zffJrsswcDnVhLW5sXYsp,223400,4
06h7n5DewHqOu8bwsTfhoL,0.545,0.925,2,-4.298,1,0.0382,0.0482,0,0.0553,0.432,104.917,audio_features,06h7n5DewHqOu8bwsTfhoL,spotify:track:06h7n5DewHqOu8bwsTfhoL,https://api.spotify.com/v1/tracks/06h7n5DewHqOu8bwsTfhoL,https://api.spotify.com/v1/audio-analysis/06h7n5DewHqOu8bwsTfhoL,263223,4
7d9sZF7jmepe2EYdETlNWK,0.325,0.903,2,-3.173,1,0.117,0.00327,6.13E-06,0.0962,0.401,148.446,audio_features,7d9sZF7jmepe2EYdETlNWK,spotify:track:7d9sZF7jmepe2EYdETlNWK,https://api.spotify.com/v1/tracks/7d9sZF7jmepe2EYdETlNWK,https://api.spotify.com/v1/audio-analysis/7d9sZF7jmepe2EYdETlNWK,218600,4
4agxzENjFDyaFzd1lxTMwU,0.697,0.798,11,-5.41,0,0.0438,0.108,0,0.19,0.462,107.98,audio_features,4agxzENjFDyaFzd1lxTMwU,spotify:track:4agxzENjFDyaFzd1lxTMwU,https://api.spotify.com/v1/tracks/4agxzENjFDyaFzd1lxTMwU,https://api.spotify.com/v1/audio-analysis/4agxzENjFDyaFzd1lxTMwU,181307,4
6CYumhM3ZVH9bItKm2PPur,0.42,0.962,1,-1.892,1,0.611,0.00781,0.0128,0.372,0.147,160.022,audio_features,6CYumhM3ZVH9bItKm2PPur,spotify:track:6CYumhM3ZVH9bItKm2PPur,https://api.spotify.com/v1/tracks/6CYumhM3ZVH9bItKm2PPur,https://api.spotify.com/v1/audio-analysis/6CYumhM3ZVH9bItKm2PPur,297742,4
5cR6nr7SFSFm4MtrUuAdmv,0.609,0.984,11,-4.863,1,0.774,0.0786,0.0302,0.372,0.263,154.972,audio_features,5cR6nr7SFSFm4MtrUuAdmv,spotify:track:5cR6nr7SFSFm4MtrUuAdmv,https://api.spotify.com/v1/tracks/5cR6nr7SFSFm4MtrUuAdmv,https://api.spotify.com/v1/audio-analysis/5cR6nr7SFSFm4MtrUuAdmv,209032,4
3Ol8ZL9iaL4IfaSi7eTLTe,0.519,0.905,5,-5.735,0,0.0973,0.00465,0.0352,0.071,0.114,95.011,audio_features,3Ol8ZL9iaL4IfaSi7eTLTe,spotify:track:3Ol8ZL9iaL4IfaSi7eTLTe,https://api.spotify.com/v1/tracks/3Ol8ZL9iaL4IfaSi7eTLTe,https://api.spotify.com/v1/audio-analysis/3Ol8ZL9iaL4IfaSi7eTLTe,411790,4
37hs3QImrFsiEZF2D92QGe,0.606,0.866,11,-3.044,1,0.365,0.00693,4.88E-05,0.345,0.368,75.135,audio_features,37hs3QImrFsiEZF2D92QGe,spotify:track:37hs3QImrFsiEZF2D92QGe,https://api.spotify.com/v1/tracks/37hs3QImrFsiEZF2D92QGe,https://api.spotify.com/v1/audio-analysis/37hs3QImrFsiEZF2D92QGe,179021,4
5uhDGZiEyRZ3CyPQFtcqsL,0.696,0.992,2,-0.245,1,0.283,0.0224,3.75E-06,0.395,0.455,150.043,audio_features,5uhDGZiEyRZ3CyPQFtcqsL,spotify:track:5uhDGZiEyRZ3CyPQFtcqsL,https://api.spotify.com/v1/tracks/5uhDGZiEyRZ3CyPQFtcqsL,https://api.spotify.com/v1/audio-analysis/5uhDGZiEyRZ3CyPQFtcqsL,246400,4
7CH5UF6HE5lDn5HhHGfT9R,0.725,0.799,8,-4.863,0,0.14,0.00717,0.00327,0.16,0.396,126,audio_features,7CH5UF6HE5lDn5HhHGfT9R,spotify:track:7CH5UF6HE5lDn5HhHGfT9R,https://api.spotify.com/v1/tracks/7CH5UF6HE5lDn5HhHGfT9R,https://api.spotify.com/v1/audio-analysis/7CH5UF6HE5lDn5HhHGfT9R,234286,4
2A06rT77OyXLwFW8dz94oT,0.543,0.897,4,-4.1,0,0.0871,0.123,0.0513,0.0892,0.156,74.987,audio_features,2A06rT77OyXLwFW8dz94oT,spotify:track:2A06rT77OyXLwFW8dz94oT,https://api.spotify.com/v1/tracks/2A06rT77OyXLwFW8dz94oT,https://api.spotify.com/v1/audio-analysis/2A06rT77OyXLwFW8dz94oT,251200,4
3O1iXQfUpIiLYLyrLpi8df,0.511,0.946,6,-5.515,1,0.0485,0.000576,0.452,0.131,0.344,149.947,audio_features,3O1iXQfUpIiLYLyrLpi8df,spotify:track:3O1iXQfUpIiLYLyrLpi8df,https://api.spotify.com/v1/tracks/3O1iXQfUpIiLYLyrLpi8df,https://api.spotify.com/v1/audio-analysis/3O1iXQfUpIiLYLyrLpi8df,208000,4
0qwMoAstkTXlWE8lQJBRzY,0.596,0.965,11,-2.731,0,0.0769,0.00212,0.00666,0.129,0.268,150.007,audio_features,0qwMoAstkTXlWE8lQJBRzY,spotify:track:0qwMoAstkTXlWE8lQJBRzY,https://api.spotify.com/v1/tracks/0qwMoAstkTXlWE8lQJBRzY,https://api.spotify.com/v1/audio-analysis/0qwMoAstkTXlWE8lQJBRzY,199129,4
5TTX8tnS8kxYPPCSAFPsCg,0.562,0.652,0,-4.803,1,0.0662,0.00732,0.338,0.174,0.107,75.02,audio_features,5TTX8tnS8kxYPPCSAFPsCg,spotify:track:5TTX8tnS8kxYPPCSAFPsCg,https://api.spotify.com/v1/tracks/5TTX8tnS8kxYPPCSAFPsCg,https://api.spotify.com/v1/audio-analysis/5TTX8tnS8kxYPPCSAFPsCg,180907,4
3XfvTelX1xYLgwgpzfd8qi,0.312,0.892,4,-2.529,1,0.0666,0.000209,0.809,0.101,0.033,112.639,audio_features,3XfvTelX1xYLgwgpzfd8qi,spotify:track:3XfvTelX1xYLgwgpzfd8qi,https://api.spotify.com/v1/tracks/3XfvTelX1xYLgwgpzfd8qi,https://api.spotify.com/v1/audio-analysis/3XfvTelX1xYLgwgpzfd8qi,282835,3
6XDsM20EZ70c7DSCRJn6l0,0.259,0.734,0,-5.663,1,0.241,0.388,0.024,0.378,0.0357,148.825,audio_features,6XDsM20EZ70c7DSCRJn6l0,spotify:track:6XDsM20EZ70c7DSCRJn6l0,https://api.spotify.com/v1/tracks/6XDsM20EZ70c7DSCRJn6l0,https://api.spotify.com/v1/audio-analysis/6XDsM20EZ70c7DSCRJn6l0,211217,4
5CKOWr9sKa7ezfg44jtzgv,0.59,0.997,0,-3.102,1,0.332,0.00764,0.9,0.113,0.0579,165.038,audio_features,5CKOWr9sKa7ezfg44jtzgv,spotify:track:5CKOWr9sKa7ezfg44jtzgv,https://api.spotify.com/v1/tracks/5CKOWr9sKa7ezfg44jtzgv,https://api.spotify.com/v1/audio-analysis/5CKOWr9sKa7ezfg44jtzgv,192053,4
7vtRIoGjWGl49gUSULroi8,0.508,0.987,10,-1.658,1,0.35,0.0233,0.225,0.149,0.34,75.196,audio_features,7vtRIoGjWGl49gUSULroi8,spotify:track:7vtRIoGjWGl49gUSULroi8,https://api.spotify.com/v1/tracks/7vtRIoGjWGl49gUSULroi8,https://api.spotify.com/v1/audio-analysis/7vtRIoGjWGl49gUSULroi8,224000,4
0WU4dgElEBK9cOf2cwNfaw,0.496,0.939,5,-3.44,0,0.434,0.314,0.0129,0.107,0.084,149.905,audio_features,0WU4dgElEBK9cOf2cwNfaw,spotify:track:0WU4dgElEBK9cOf2cwNfaw,https://api.spotify.com/v1/tracks/0WU4dgElEBK9cOf2cwNfaw,https://api.spotify.com/v1/audio-analysis/0WU4dgElEBK9cOf2cwNfaw,385000,4
0wWX93dRXPYXvXaE9CCVMV,0.283,0.933,5,-3.481,1,0.184,0.0238,0.195,0.206,0.0838,155.069,audio_features,0wWX93dRXPYXvXaE9CCVMV,spotify:track:0wWX93dRXPYXvXaE9CCVMV,https://api.spotify.com/v1/tracks/0wWX93dRXPYXvXaE9CCVMV,https://api.spotify.com/v1/audio-analysis/0wWX93dRXPYXvXaE9CCVMV,209900,3
0REjKfUHrcTUJUXHPYQ8zu,0.459,0.926,6,-3.839,1,0.101,0.000456,0.755,0.101,0.111,149.936,audio_features,0REjKfUHrcTUJUXHPYQ8zu,spotify:track:0REjKfUHrcTUJUXHPYQ8zu,https://api.spotify.com/v1/tracks/0REjKfUHrcTUJUXHPYQ8zu,https://api.spotify.com/v1/audio-analysis/0REjKfUHrcTUJUXHPYQ8zu,251913,4
4qr7NYXy5ZnW8RiGhdSSMN,0.378,0.973,11,-4.717,1,0.18,7.97E-05,2.52E-06,0.266,0.288,175.003,audio_features,4qr7NYXy5ZnW8RiGhdSSMN,spotify:track:4qr7NYXy5ZnW8RiGhdSSMN,https://api.spotify.com/v1/tracks/4qr7NYXy5ZnW8RiGhdSSMN,https://api.spotify.com/v1/audio-analysis/4qr7NYXy5ZnW8RiGhdSSMN,257741,4
2tP3x6sWrGZSaj1QWQwFLH,0.596,0.871,11,-2.616,1,0.0486,0.0044,0.0581,0.168,0.277,150.018,audio_features,2tP3x6sWrGZSaj1QWQwFLH,spotify:track:2tP3x6sWrGZSaj1QWQwFLH,https://api.spotify.com/v1/tracks/2tP3x6sWrGZSaj1QWQwFLH,https://api.spotify.com/v1/audio-analysis/2tP3x6sWrGZSaj1QWQwFLH,278571,4
5AEs83CYoPApEjYEJGbTuJ,0.64,0.94,5,-2.976,0,0.0795,0.00528,0.000484,0.357,0.243,127.995,audio_features,5AEs83CYoPApEjYEJGbTuJ,spotify:track:5AEs83CYoPApEjYEJGbTuJ,https://api.spotify.com/v1/tracks/5AEs83CYoPApEjYEJGbTuJ,https://api.spotify.com/v1/audio-analysis/5AEs83CYoPApEjYEJGbTuJ,158555,4
75wfD2r4cxtHOUFrDIDNjb,0.632,0.991,6,-2.901,0,0.0857,0.00652,0.453,0.392,0.373,127.987,audio_features,75wfD2r4cxtHOUFrDIDNjb,spotify:track:75wfD2r4cxtHOUFrDIDNjb,https://api.spotify.com/v1/tracks/75wfD2r4cxtHOUFrDIDNjb,https://api.spotify.com/v1/audio-analysis/75wfD2r4cxtHOUFrDIDNjb,161250,4
0KmJ45CPuHMQpNMY42xDUl,0.451,0.966,0,-2.061,1,0.133,0.0235,0.146,0.787,0.479,109.472,audio_features,0KmJ45CPuHMQpNMY42xDUl,spotify:track:0KmJ45CPuHMQpNMY42xDUl,https://api.spotify.com/v1/tracks/0KmJ45CPuHMQpNMY42xDUl,https://api.spotify.com/v1/audio-analysis/0KmJ45CPuHMQpNMY42xDUl,176571,1
2w8yVxZs08A1o9fTVzUKSm,0.657,0.997,8,-0.591,1,0.199,0.0691,0,0.222,0.169,100.036,audio_features,2w8yVxZs08A1o9fTVzUKSm,spotify:track:2w8yVxZs08A1o9fTVzUKSm,https://api.spotify.com/v1/tracks/2w8yVxZs08A1o9fTVzUKSm,https://api.spotify.com/v1/audio-analysis/2w8yVxZs08A1o9fTVzUKSm,140250,4
7a5OUYOGtWSHKlsZz4n3QL,0.69,0.858,2,-4.784,1,0.0694,0.00116,0.69,0.0422,0.491,126.014,audio_features,7a5OUYOGtWSHKlsZz4n3QL,spotify:track:7a5OUYOGtWSHKlsZz4n3QL,https://api.spotify.com/v1/tracks/7a5OUYOGtWSHKlsZz4n3QL,https://api.spotify.com/v1/audio-analysis/7a5OUYOGtWSHKlsZz4n3QL,224762,4
1xuA8vy1KA1cfP5UQ7NYSS,0.397,0.0998,0,-15.431,1,0.0371,0.982,0.00476,0.1,0.105,127.362,audio_features,1xuA8vy1KA1cfP5UQ7NYSS,spotify:track:1xuA8vy1KA1cfP5UQ7NYSS,https://api.spotify.com/v1/tracks/1xuA8vy1KA1cfP5UQ7NYSS,https://api.spotify.com/v1/audio-analysis/1xuA8vy1KA1cfP5UQ7NYSS,475187,4
5WtvoPeSpp6pIp9bG6arVS,0.244,0.263,3,-9.099,1,0.0359,0.837,0.00521,0.114,0.24,79.413,audio_features,5WtvoPeSpp6pIp9bG6arVS,spotify:track:5WtvoPeSpp6pIp9bG6arVS,https://api.spotify.com/v1/tracks/5WtvoPeSpp6pIp9bG6arVS,https://api.spotify.com/v1/audio-analysis/5WtvoPeSpp6pIp9bG6arVS,233439,4
1rAoMvrhI0Ozalbow7Lu6F,0.48,0.303,2,-13.189,0,0.0302,0.949,0.196,0.155,0.192,127.017,audio_features,1rAoMvrhI0Ozalbow7Lu6F,spotify:track:1rAoMvrhI0Ozalbow7Lu6F,https://api.spotify.com/v1/tracks/1rAoMvrhI0Ozalbow7Lu6F,https://api.spotify.com/v1/audio-analysis/1rAoMvrhI0Ozalbow7Lu6F,268627,3
46Vogr8UvzcVPAgDvBpDIr,0.418,0.273,0,-8.887,1,0.0305,0.938,4.06E-05,0.0897,0.0585,110.623,audio_features,46Vogr8UvzcVPAgDvBpDIr,spotify:track:46Vogr8UvzcVPAgDvBpDIr,https://api.spotify.com/v1/tracks/46Vogr8UvzcVPAgDvBpDIr,https://api.spotify.com/v1/audio-analysis/46Vogr8UvzcVPAgDvBpDIr,273467,3
5K9cE052Gcrf4yCYPWWS8a,0.253,0.617,11,-7.118,0,0.0678,0.105,0.00155,0.156,0.288,169.036,audio_features,5K9cE052Gcrf4yCYPWWS8a,spotify:track:5K9cE052Gcrf4yCYPWWS8a,https://api.spotify.com/v1/tracks/5K9cE052Gcrf4yCYPWWS8a,https://api.spotify.com/v1/audio-analysis/5K9cE052Gcrf4yCYPWWS8a,222600,4
7AjdSYX4mOZbm721s7v3CR,0.0674,0.382,0,-10.525,1,0.039,0.369,0.88,0.0895,0.0368,74.661,audio_features,7AjdSYX4mOZbm721s7v3CR,spotify:track:7AjdSYX4mOZbm721s7v3CR,https://api.spotify.com/v1/tracks/7AjdSYX4mOZbm721s7v3CR,https://api.spotify.com/v1/audio-analysis/7AjdSYX4mOZbm721s7v3CR,315973,4
0l1BpftQspErgqlSzzmIEm,0.468,0.458,9,-7.755,1,0.0354,0.0362,0.0142,0.279,0.164,140,audio_features,0l1BpftQspErgqlSzzmIEm,spotify:track:0l1BpftQspErgqlSzzmIEm,https://api.spotify.com/v1/tracks/0l1BpftQspErgqlSzzmIEm,https://api.spotify.com/v1/audio-analysis/0l1BpftQspErgqlSzzmIEm,243800,4
5lXbZUPAC0ZPJ2zHRXGEIs,0.284,0.446,8,-11.035,0,0.0341,0.162,0.0749,0.166,0.148,117.387,audio_features,5lXbZUPAC0ZPJ2zHRXGEIs,spotify:track:5lXbZUPAC0ZPJ2zHRXGEIs,https://api.spotify.com/v1/tracks/5lXbZUPAC0ZPJ2zHRXGEIs,https://api.spotify.com/v1/audio-analysis/5lXbZUPAC0ZPJ2zHRXGEIs,229933,3
35ZHHlrMKr7CijbD239b0g,0.318,0.193,11,-14.794,0,0.0573,0.949,0.0328,0.095,0.0753,170.414,audio_features,35ZHHlrMKr7CijbD239b0g,spotify:track:35ZHHlrMKr7CijbD239b0g,https://api.spotify.com/v1/tracks/35ZHHlrMKr7CijbD239b0g,https://api.spotify.com/v1/audio-analysis/35ZHHlrMKr7CijbD239b0g,288493,3
1MsL6JYYuh9CCxD53zbrfV,0.332,0.536,6,-9.353,1,0.0385,0.46,0.513,0.139,0.255,174.639,audio_features,1MsL6JYYuh9CCxD53zbrfV,spotify:track:1MsL6JYYuh9CCxD53zbrfV,https://api.spotify.com/v1/tracks/1MsL6JYYuh9CCxD53zbrfV,https://api.spotify.com/v1/audio-analysis/1MsL6JYYuh9CCxD53zbrfV,200995,4
5rMea4Gu5db0qb1c6TfGIh,0.394,0.606,2,-7.345,1,0.0648,0.0346,1.05E-06,0.0804,0.197,77.026,audio_features,5rMea4Gu5db0qb1c6TfGIh,spotify:track:5rMea4Gu5db0qb1c6TfGIh,https://api.spotify.com/v1/tracks/5rMea4Gu5db0qb1c6TfGIh,https://api.spotify.com/v1/audio-analysis/5rMea4Gu5db0qb1c6TfGIh,222173,4
7sqMo5ZnWfr1IdGoiwzm9Y,0.474,0.0704,2,-16.922,0,0.0438,0.902,0.00116,0.117,0.106,118.577,audio_features,7sqMo5ZnWfr1IdGoiwzm9Y,spotify:track:7sqMo5ZnWfr1IdGoiwzm9Y,https://api.spotify.com/v1/tracks/7sqMo5ZnWfr1IdGoiwzm9Y,https://api.spotify.com/v1/audio-analysis/7sqMo5ZnWfr1IdGoiwzm9Y,321058,4
33Ya9pdh5KEpbaG1Q8D3eh,0.321,0.58,1,-9.937,1,0.0341,0.0602,0.146,0.253,0.329,113.791,audio_features,33Ya9pdh5KEpbaG1Q8D3eh,spotify:track:33Ya9pdh5KEpbaG1Q8D3eh,https://api.spotify.com/v1/tracks/33Ya9pdh5KEpbaG1Q8D3eh,https://api.spotify.com/v1/audio-analysis/33Ya9pdh5KEpbaG1Q8D3eh,362280,4
1fNMNJqWaPxUHFpZ0Zl3UA,0.246,0.19,9,-12.596,0,0.0376,0.586,0.000877,0.0568,0.0393,126.653,audio_features,1fNMNJqWaPxUHFpZ0Zl3UA,spotify:track:1fNMNJqWaPxUHFpZ0Zl3UA,https://api.spotify.com/v1/tracks/1fNMNJqWaPxUHFpZ0Zl3UA,https://api.spotify.com/v1/audio-analysis/1fNMNJqWaPxUHFpZ0Zl3UA,354267,4
46RSHHcMv3BhuXobfFfAAT,0.343,0.294,9,-11.564,0,0.0367,0.97,0.532,0.0745,0.0737,110.587,audio_features,46RSHHcMv3BhuXobfFfAAT,spotify:track:46RSHHcMv3BhuXobfFfAAT,https://api.spotify.com/v1/tracks/46RSHHcMv3BhuXobfFfAAT,https://api.spotify.com/v1/audio-analysis/46RSHHcMv3BhuXobfFfAAT,247589,4
36CxmmDpZdUJqIyo5NTyfw,0.45,0.365,7,-7.825,1,0.0336,0.823,0.000147,0.158,0.191,68.101,audio_features,36CxmmDpZdUJqIyo5NTyfw,spotify:track:36CxmmDpZdUJqIyo5NTyfw,https://api.spotify.com/v1/tracks/36CxmmDpZdUJqIyo5NTyfw,https://api.spotify.com/v1/audio-analysis/36CxmmDpZdUJqIyo5NTyfw,383329,3
5iD3oYhBjvUQq5neIO6ZFj,0.28,0.302,9,-9.68,0,0.0297,0.856,0.0295,0.104,0.107,155.032,audio_features,5iD3oYhBjvUQq5neIO6ZFj,spotify:track:5iD3oYhBjvUQq5neIO6ZFj,https://api.spotify.com/v1/tracks/5iD3oYhBjvUQq5neIO6ZFj,https://api.spotify.com/v1/audio-analysis/5iD3oYhBjvUQq5neIO6ZFj,170160,4
6AohzKCNCm2aVmqRFS6mIb,0.526,0.244,9,-11.706,0,0.0255,0.726,9.58E-06,0.12,0.142,82.105,audio_features,6AohzKCNCm2aVmqRFS6mIb,spotify:track:6AohzKCNCm2aVmqRFS6mIb,https://api.spotify.com/v1/tracks/6AohzKCNCm2aVmqRFS6mIb,https://api.spotify.com/v1/audio-analysis/6AohzKCNCm2aVmqRFS6mIb,276286,4
66TaoPJqwSAK1oLxBsgG8n,0.411,0.304,3,-11.311,1,0.0345,0.791,0.402,0.0896,0.0392,67.553,audio_features,66TaoPJqwSAK1oLxBsgG8n,spotify:track:66TaoPJqwSAK1oLxBsgG8n,https://api.spotify.com/v1/tracks/66TaoPJqwSAK1oLxBsgG8n,https://api.spotify.com/v1/audio-analysis/66TaoPJqwSAK1oLxBsgG8n,263046,4
03HonCy9ZfHnYmc7NzFTLN,0.461,0.302,10,-6.4,0,0.0271,0.788,0,0.0856,0.0818,79.686,audio_features,03HonCy9ZfHnYmc7NzFTLN,spotify:track:03HonCy9ZfHnYmc7NzFTLN,https://api.spotify.com/v1/tracks/03HonCy9ZfHnYmc7NzFTLN,https://api.spotify.com/v1/audio-analysis/03HonCy9ZfHnYmc7NzFTLN,251693,4
5ZpXdzws0fmicxw0MUbm1m,0.214,0.514,5,-6.57,0,0.0399,0.443,6.55E-06,0.113,0.199,74.997,audio_features,5ZpXdzws0fmicxw0MUbm1m,spotify:track:5ZpXdzws0fmicxw0MUbm1m,https://api.spotify.com/v1/tracks/5ZpXdzws0fmicxw0MUbm1m,https://api.spotify.com/v1/audio-analysis/5ZpXdzws0fmicxw0MUbm1m,216000,4
4fTB0sYbuUSyfW1VX6bF5D,0.74,0.45,1,-8.784,0,0.0725,0.385,0,0.0952,0.166,77.949,audio_features,4fTB0sYbuUSyfW1VX6bF5D,spotify:track:4fTB0sYbuUSyfW1VX6bF5D,https://api.spotify.com/v1/tracks/4fTB0sYbuUSyfW1VX6bF5D,https://api.spotify.com/v1/audio-analysis/4fTB0sYbuUSyfW1VX6bF5D,140034,4
3l2wMTBa64PBV7aCPwYkEf,0.347,0.183,2,-11.149,1,0.0338,0.826,2.94E-05,0.126,0.24,149.681,audio_features,3l2wMTBa64PBV7aCPwYkEf,spotify:track:3l2wMTBa64PBV7aCPwYkEf,https://api.spotify.com/v1/tracks/3l2wMTBa64PBV7aCPwYkEf,https://api.spotify.com/v1/audio-analysis/3l2wMTBa64PBV7aCPwYkEf,222859,4
1QIzSLVBQA2GBrF2IDBSPK,0.395,0.324,11,-12.52,0,0.0406,0.865,0.0725,0.105,0.0565,120.968,audio_features,1QIzSLVBQA2GBrF2IDBSPK,spotify:track:1QIzSLVBQA2GBrF2IDBSPK,https://api.spotify.com/v1/tracks/1QIzSLVBQA2GBrF2IDBSPK,https://api.spotify.com/v1/audio-analysis/1QIzSLVBQA2GBrF2IDBSPK,200449,4
1OtGo99uypkRbMqshBVFnn,0.368,0.267,8,-9.395,0,0.0428,0.655,2.24E-05,0.0834,0.194,91.88,audio_features,1OtGo99uypkRbMqshBVFnn,spotify:track:1OtGo99uypkRbMqshBVFnn,https://api.spotify.com/v1/tracks/1OtGo99uypkRbMqshBVFnn,https://api.spotify.com/v1/audio-analysis/1OtGo99uypkRbMqshBVFnn,377000,4
31fhJR9Lop1IScpn1B86k6,0.255,0.479,7,-9.643,1,0.031,0.416,0.579,0.103,0.0609,136.827,audio_features,31fhJR9Lop1IScpn1B86k6,spotify:track:31fhJR9Lop1IScpn1B86k6,https://api.spotify.com/v1/tracks/31fhJR9Lop1IScpn1B86k6,https://api.spotify.com/v1/audio-analysis/31fhJR9Lop1IScpn1B86k6,266277,4
0b39vjnPaxVh6fY1Wj81MA,0.513,0.425,4,-8.966,0,0.0279,0.698,0.127,0.112,0.246,144.178,audio_features,0b39vjnPaxVh6fY1Wj81MA,spotify:track:0b39vjnPaxVh6fY1Wj81MA,https://api.spotify.com/v1/tracks/0b39vjnPaxVh6fY1Wj81MA,https://api.spotify.com/v1/audio-analysis/0b39vjnPaxVh6fY1Wj81MA,173725,3
1lvgA9sK8aCydWM6f6lE6s,0.513,0.493,2,-8.726,1,0.025,0.459,0.0942,0.112,0.53,77.818,audio_features,1lvgA9sK8aCydWM6f6lE6s,spotify:track:1lvgA9sK8aCydWM6f6lE6s,https://api.spotify.com/v1/tracks/1lvgA9sK8aCydWM6f6lE6s,https://api.spotify.com/v1/audio-analysis/1lvgA9sK8aCydWM6f6lE6s,174867,1
2DkRjzvzTxzeijk0pjSNBD,0.352,0.414,4,-6.6,0,0.0254,0.391,0.00831,0.185,0.0688,60.042,audio_features,2DkRjzvzTxzeijk0pjSNBD,spotify:track:2DkRjzvzTxzeijk0pjSNBD,https://api.spotify.com/v1/tracks/2DkRjzvzTxzeijk0pjSNBD,https://api.spotify.com/v1/audio-analysis/2DkRjzvzTxzeijk0pjSNBD,341000,4
660D1KONP5QoayR5MUGGcK,0.311,0.345,0,-13.81,0,0.0357,0.873,0.919,0.109,0.0769,113.831,audio_features,660D1KONP5QoayR5MUGGcK,spotify:track:660D1KONP5QoayR5MUGGcK,https://api.spotify.com/v1/tracks/660D1KONP5QoayR5MUGGcK,https://api.spotify.com/v1/audio-analysis/660D1KONP5QoayR5MUGGcK,216493,4
